Chromosome_8_0a-223,0.848
com_Chromosome_8_5b-377,0.004
com_Chromosome_8_6b-30,0.026
com_Chromosome_8_7b-172,0.276
Chromosome_8_12a-384,0.538
Chromosome_8_17a-186,0.068
com_Chromosome_8_17b-99,0.038
Chromosome_8_19a-155,0.134
com_Chromosome_8_19b-245,0.218
Chromosome_8_30a-387,0.2
com_Chromosome_8_52b-243,0.288
Chromosome_8_59a-137,0.734
com_Chromosome_8_67b-305,0.11
Chromosome_8_69a-343,0.286
com_Chromosome_8_69b-57,0.346
com_Chromosome_8_72b-75,0.128
Chromosome_8_81a-272,0.25
com_Chromosome_8_89b-353,0.154
com_Chromosome_8_91b-102,0.44
com_Chromosome_8_92b-307,0.61
com_Chromosome_8_92b-99,0.232
Chromosome_8_100a-206,0.958
com_Chromosome_8_103b-280,0.196
Chromosome_8_105a-216,0.428
com_Chromosome_8_130b-122,0.036
Chromosome_8_138a-213,0.106
Chromosome_8_141a-228,0.286
com_Chromosome_8_141b-172,0.1
com_Chromosome_8_152b-359,0.246
com_Chromosome_8_153b-96,0.11
com_Chromosome_8_158b-71,0.47
Chromosome_8_159a-188,0.146
Chromosome_8_166a-286,0.146
com_Chromosome_8_168b-45,0.426
com_Chromosome_8_177b-53,0.026
Chromosome_8_180a-183,0.94
Chromosome_8_184a-336,0.892
com_Chromosome_8_190b-243,0.076
Chromosome_8_191a-190,0.142
com_Chromosome_8_204b-161,0.028
Chromosome_8_214a-238,0.02
com_Chromosome_8_219b-178,0.082
Chromosome_8_244a-302,0.214
Chromosome_8_261a-374,0.22
Chromosome_8_327a-307,0.008
Chromosome_8_328a-260,0.074
com_Chromosome_8_332b-245,0.218
com_Chromosome_8_344b-397,0.676
Chromosome_8_349a-329,0.046
com_Chromosome_8_361b-6,0.042
com_Chromosome_8_362b-190,0.06
com_Chromosome_8_368b-42,0.594
com_Chromosome_8_376b-13,0.182
com_Chromosome_8_377b-76,0.004
Chromosome_8_379a-198,0.116
com_Chromosome_8_379b-202,0.12
Chromosome_8_382a-328,0.514
com_Chromosome_8_382b-72,0.298
Chromosome_8_398a-369,0.048
Chromosome_8_398a-244,0.074
Chromosome_8_398a-152,0.118
com_Chromosome_8_399b-86,0.578
Chromosome_8_400a-251,0.382
com_Chromosome_8_401b-124,0.644
com_Chromosome_8_404b-250,0.03
com_Chromosome_8_409b-138,0.096
com_Chromosome_8_418b-110,0.474
Chromosome_8_447a-388,0.104
Chromosome_8_450a-72,0.026
Chromosome_8_481a-310,0.026
com_Chromosome_8_497b-239,0.094
Chromosome_8_536a-390,0.008
Chromosome_8_569a-130,0.02
com_Chromosome_8_572b-306,0.082
Chromosome_8_615a-317,0.356
Chromosome_8_617a-259,0.368
Chromosome_8_620a-331,0.412
com_Chromosome_8_622b-372,0.106
Chromosome_8_625a-279,0.05
com_Chromosome_8_635b-84,0.554
Chromosome_8_640a-109,0.302
com_Chromosome_8_655b-208,0.044
com_Chromosome_8_655b-132,0.016
com_Chromosome_8_662b-217,0.504
com_Chromosome_8_665b-50,0.69
com_Chromosome_8_670b-202,0.088
Chromosome_8_673a-330,0.336
com_Chromosome_8_676b-388,0.316
com_Chromosome_8_696b-178,0.1
com_Chromosome_8_705b-158,0.336
Chromosome_8_714a-263,0.952
com_Chromosome_8_714b-137,0.9
com_Chromosome_8_719b-100,0.484
com_Chromosome_8_723b-167,0.366
com_Chromosome_8_724b-141,0.224
com_Chromosome_8_738b-217,0.686
com_Chromosome_8_750b-365,0.2
Chromosome_8_752a-219,0.982
com_Chromosome_8_752b-181,0.968
com_Chromosome_8_760b-102,0.228
Chromosome_8_765a-235,0.932
Chromosome_8_767a-353,0.57
Chromosome_8_767a-187,0.988
com_Chromosome_8_767b-213,0.982
com_Chromosome_8_768b-64,0.92
Chromosome_8_793a-114,0.004
Chromosome_8_802a-335,0.772
Chromosome_8_806a-105,0.022
com_Chromosome_8_816b-374,0.088
Chromosome_8_833a-389,0.136
com_Chromosome_8_833b-131,0.01
com_Chromosome_8_840b-241,0.278
Chromosome_8_846a-237,0.252
Chromosome_8_846a-202,0.31
com_Chromosome_8_846b-223,0.104
Chromosome_8_850a-396,0.158
com_Chromosome_8_850b-231,0.54
Chromosome_8_853a-367,0.084
Chromosome_8_859a-237,0.548
com_Chromosome_8_862b-165,0.342
com_Chromosome_8_874b-213,0.462
com_Chromosome_8_881b-233,0.794
Chromosome_8_885a-164,0.394
com_Chromosome_8_893b-145,0.018
com_Chromosome_8_900b-106,0.56
com_Chromosome_8_905b-136,0.758
com_Chromosome_8_909b-249,0.302
Chromosome_8_937a-238,0.864
Chromosome_8_944a-325,0.636
com_Chromosome_8_984b-387,0.304
com_Chromosome_8_991b-140,0.93
Chromosome_8_1013a-85,0.01
Chromosome_8_1018a-248,0.322
com_Chromosome_8_1034b-178,0.018
com_Chromosome_8_1039b-91,0.038
Chromosome_8_1046a-293,0.562
Chromosome_8_1054a-284,0.78
Chromosome_8_1069a-214,0.222
Chromosome_8_1080a-253,0.948
com_Chromosome_8_1080b-147,0.938
Chromosome_8_1083a-231,0.218
com_Chromosome_8_1083b-169,0.008
Chromosome_8_1084a-212,0.856
Chromosome_8_1095a-350,0.574
Chromosome_8_1116a-218,0.282
Chromosome_8_1139a-326,0.028
Chromosome_8_1143a-326,0.048
com_Chromosome_8_1153b-101,0.544
Chromosome_8_1156a-232,0.094
com_Chromosome_8_1167b-130,0.08
Chromosome_8_1173a-390,0.28
com_Chromosome_8_1173b-10,0.5
Chromosome_8_1181a-167,0.31
com_Chromosome_8_1194b-43,0.196
com_Chromosome_8_1196b-2,0.526
Chromosome_8_1209a-308,0.516
Chromosome_8_1218a-394,0.064
com_Chromosome_8_1220b-54,0.522
com_Chromosome_8_1227b-155,0.132
com_Chromosome_8_1242b-390,0.492
com_Chromosome_8_1290b-169,0.402
com_Chromosome_8_1298b-142,0.344
Chromosome_8_1300a-195,0.136
Chromosome_8_1313a-391,0.502
com_Chromosome_8_1337b-25,0.15
Chromosome_8_1338a-165,0.424
Chromosome_8_1351a-276,0.396
com_Chromosome_8_1356b-248,0.04
Chromosome_8_1376a-162,0.364
com_Chromosome_8_1383b-54,0.17
Chromosome_8_1388a-284,0.758
Chromosome_8_1390a-256,0.044
Chromosome_8_1399a-353,0.298
Chromosome_8_1413a-352,0.124
com_Chromosome_8_1419b-107,0.166
com_Chromosome_8_1437b-357,0.452
com_Chromosome_8_1451b-327,0.54
Chromosome_8_1464a-396,0.1
com_Chromosome_8_1488b-156,0.074
Chromosome_8_10a-261,0.044
com_Chromosome_8_11b-103,0.212
Chromosome_8_15a-371,0.058
com_Chromosome_8_15b-47,0.17
Chromosome_8_18a-320,0.124
com_Chromosome_8_18b-22,0.008
Chromosome_8_29a-237,0.384
Chromosome_8_63a-268,0.02
com_Chromosome_8_64b-3,0.98
Chromosome_8_65a-385,0.032
com_Chromosome_8_66b-14,0.104
com_Chromosome_8_68b-223,0.006
Chromosome_8_79a-164,0.342
Chromosome_8_85a-368,0.808
com_Chromosome_8_86b-283,0.104
Chromosome_8_87a-352,0.756
Chromosome_8_97a-282,0.228
com_Chromosome_8_110b-153,0.038
com_Chromosome_8_136b-112,0.294
com_Chromosome_8_142b-58,0.128
com_Chromosome_8_148b-128,0.066
Chromosome_8_157a-389,0.638
com_Chromosome_8_158b-217,0.228
com_Chromosome_8_171b-342,0.168
Chromosome_8_172a-354,0.146
Chromosome_8_173a-274,0.07
com_Chromosome_8_176b-172,0.77
Chromosome_8_179a-352,0.768
Chromosome_8_184a-153,0.094
com_Chromosome_8_191b-157,0.802
Chromosome_8_197a-304,0.024
Chromosome_8_205a-212,0.268
com_Chromosome_8_205b-205,0.398
Chromosome_8_213a-400,0.006
com_Chromosome_8_219b-167,0.006
Chromosome_8_261a-65,0.014
Chromosome_8_268a-106,0.028
Chromosome_8_299a-257,0.118
com_Chromosome_8_300b-156,0.292
Chromosome_8_302a-369,0.2
Chromosome_8_302a-339,0.024
com_Chromosome_8_308b-254,0.126
Chromosome_8_332a-290,0.104
com_Chromosome_8_362b-116,0.064
Chromosome_8_379a-261,0.132
Chromosome_8_395a-357,0.08
com_Chromosome_8_397b-379,0.108
com_Chromosome_8_406b-380,0.618
com_Chromosome_8_460b-127,0.144
Chromosome_8_508a-26,0.13
Chromosome_8_509a-185,0.012
com_Chromosome_8_509b-205,0.004
com_Chromosome_8_510b-387,0.058
com_Chromosome_8_512b-391,0.534
Chromosome_8_521a-310,0.05
Chromosome_8_541a-198,0.698
com_Chromosome_8_619b-227,0.1
Chromosome_8_620a-214,0.228
Chromosome_8_642a-384,0.012
Chromosome_8_642a-40,0.266
Chromosome_8_644a-238,0.16
Chromosome_8_644a-163,0.022
Chromosome_8_652a-366,0.068
com_Chromosome_8_653b-201,0.028
com_Chromosome_8_677b-123,0.43
com_Chromosome_8_714b-390,0.582
com_Chromosome_8_717b-84,0.014
Chromosome_8_718a-195,0.334
Chromosome_8_718a-67,0.0
com_Chromosome_8_722b-115,0.42
Chromosome_8_725a-234,0.56
Chromosome_8_728a-278,0.084
Chromosome_8_730a-322,0.016
com_Chromosome_8_742b-51,0.096
com_Chromosome_8_743b-83,0.386
com_Chromosome_8_751b-60,0.026
Chromosome_8_753a-396,0.012
Chromosome_8_753a-239,0.044
Chromosome_8_755a-285,0.25
Chromosome_8_755a-173,0.196
Chromosome_8_766a-324,0.518
com_Chromosome_8_792b-210,0.838
com_Chromosome_8_804b-366,0.008
Chromosome_8_809a-162,0.676
com_Chromosome_8_809b-241,0.886
com_Chromosome_8_812b-55,0.224
Chromosome_8_814a-372,0.072
com_Chromosome_8_831b-235,0.294
Chromosome_8_835a-375,0.008
Chromosome_8_835a-322,0.454
Chromosome_8_845a-310,0.022
com_Chromosome_8_884b-90,0.814
Chromosome_8_885a-61,0.734
Chromosome_8_904a-194,0.208
Chromosome_8_906a-389,0.394
com_Chromosome_8_912b-71,0.068
com_Chromosome_8_930b-192,0.528
com_Chromosome_8_930b-180,0.524
Chromosome_8_980a-269,0.872
Chromosome_8_980a-153,0.206
com_Chromosome_8_980b-68,0.026
Chromosome_8_993a-327,0.514
Chromosome_8_1000a-322,0.342
Chromosome_8_1003a-215,0.446
Chromosome_8_1006a-294,0.032
com_Chromosome_8_1011b-199,0.072
Chromosome_8_1031a-322,0.276
Chromosome_8_1038a-272,0.006
Chromosome_8_1050a-398,0.308
com_Chromosome_8_1055b-200,0.124
Chromosome_8_1059a-174,0.024
Chromosome_8_1060a-392,0.848
com_Chromosome_8_1064b-399,0.0
com_Chromosome_8_1074b-389,0.02
com_Chromosome_8_1077b-185,0.2
Chromosome_8_1082a-393,0.048
Chromosome_8_1092a-320,0.02
Chromosome_8_1114a-249,0.35
Chromosome_8_1132a-284,0.078
com_Chromosome_8_1132b-117,0.084
Chromosome_8_1167a-279,0.036
com_Chromosome_8_1171b-68,0.128
Chromosome_8_1183a-205,0.73
Chromosome_8_1184a-155,0.494
Chromosome_8_1203a-173,0.334
Chromosome_8_1222a-312,0.73
Chromosome_8_1227a-101,0.08
com_Chromosome_8_1242b-299,0.592
Chromosome_8_1277a-389,0.06
Chromosome_8_1292a-400,0.02
Chromosome_8_1297a-291,0.316
Chromosome_8_1301a-276,0.012
com_Chromosome_8_1301b-140,0.034
com_Chromosome_8_1307b-203,0.118
Chromosome_8_1345a-155,0.66
com_Chromosome_8_1345b-246,0.636
com_Chromosome_8_1346b-98,0.358
com_Chromosome_8_1350b-375,0.01
com_Chromosome_8_1365b-303,0.35
Chromosome_8_1369a-263,0.312
com_Chromosome_8_1369b-116,0.108
com_Chromosome_8_1429b-170,0.014
com_Chromosome_8_1436b-173,0.496
com_Chromosome_8_1452b-394,0.07
com_Chromosome_8_1480b-3,0.116
com_Chromosome_8_0b-401,0.14
com_Chromosome_8_4b-92,0.018
com_Chromosome_8_7b-14,0.022
Chromosome_8_15a-320,0.02
com_Chromosome_8_22b-299,0.366
com_Chromosome_8_41b-80,0.02
com_Chromosome_8_50b-101,0.258
Chromosome_8_66a-383,0.086
Chromosome_8_70a-231,0.916
com_Chromosome_8_70b-32,0.472
com_Chromosome_8_76b-93,0.066
com_Chromosome_8_84b-46,0.35
Chromosome_8_85a-130,0.318
com_Chromosome_8_89b-18,0.45
com_Chromosome_8_95b-353,0.688
Chromosome_8_99a-386,0.984
com_Chromosome_8_101b-169,0.126
Chromosome_8_135a-264,0.346
com_Chromosome_8_135b-148,0.038
com_Chromosome_8_173b-201,0.174
com_Chromosome_8_177b-136,0.178
com_Chromosome_8_191b-211,0.082
Chromosome_8_197a-218,0.058
Chromosome_8_299a-33,0.264
Chromosome_8_301a-362,0.462
Chromosome_8_303a-368,0.348
com_Chromosome_8_305b-107,0.322
Chromosome_8_393a-36,0.066
com_Chromosome_8_394b-1,0.006
com_Chromosome_8_396b-223,0.012
com_Chromosome_8_396b-160,0.156
com_Chromosome_8_414b-144,0.048
Chromosome_8_450a-324,0.064
com_Chromosome_8_480b-112,0.05
com_Chromosome_8_558b-106,0.036
Chromosome_8_619a-373,0.298
Chromosome_8_650a-236,0.254
Chromosome_8_663a-169,0.106
Chromosome_8_673a-388,0.47
Chromosome_8_675a-181,0.492
com_Chromosome_8_675b-276,0.194
Chromosome_8_679a-296,0.558
com_Chromosome_8_693b-161,0.252
Chromosome_8_697a-310,0.098
com_Chromosome_8_708b-94,0.344
com_Chromosome_8_713b-65,0.256
com_Chromosome_8_716b-119,0.418
com_Chromosome_8_722b-365,0.408
Chromosome_8_724a-229,0.02
Chromosome_8_726a-244,0.48
com_Chromosome_8_726b-158,0.664
Chromosome_8_738a-94,0.132
com_Chromosome_8_749b-133,0.048
Chromosome_8_752a-29,0.062
Chromosome_8_756a-392,0.804
Chromosome_8_813a-277,0.688
Chromosome_8_827a-382,0.03
com_Chromosome_8_936b-246,0.76
Chromosome_8_984a-263,0.994
com_Chromosome_8_996b-42,0.71
Chromosome_8_1004a-395,0.306
com_Chromosome_8_1004b-7,0.43
Chromosome_8_1007a-316,0.406
Chromosome_8_1007a-183,0.402
Chromosome_8_1019a-382,0.588
Chromosome_8_1023a-312,0.312
com_Chromosome_8_1044b-180,0.062
com_Chromosome_8_1045b-188,0.902
Chromosome_8_1092a-338,0.036
com_Chromosome_8_1092b-64,0.276
com_Chromosome_8_1094b-29,0.33
Chromosome_8_1125a-317,0.478
com_Chromosome_8_1152b-391,0.226
Chromosome_8_1184a-371,0.02
com_Chromosome_8_1187b-163,0.196
com_Chromosome_8_1190b-80,0.106
Chromosome_8_1194a-364,0.068
Chromosome_8_1205a-259,0.456
Chromosome_8_1213a-165,0.574
Chromosome_8_1271a-354,0.048
Chromosome_8_1299a-400,0.042
com_Chromosome_8_1301b-38,0.072
com_Chromosome_8_1329b-397,0.638
com_Chromosome_8_1390b-53,0.276
Chromosome_8_1391a-181,0.042
com_Chromosome_8_1404b-192,0.204
com_Chromosome_8_1464b-173,0.418
com_Chromosome_8_12b-248,0.13
Chromosome_8_18a-279,0.132
com_Chromosome_8_19b-178,0.032
com_Chromosome_8_30b-146,0.5
com_Chromosome_8_32b-223,0.164
com_Chromosome_8_37b-160,0.692
Chromosome_8_48a-102,0.074
Chromosome_8_64a-401,0.864
Chromosome_8_75a-356,0.358
Chromosome_8_75a-202,0.13
com_Chromosome_8_77b-147,0.678
com_Chromosome_8_80b-191,0.062
Chromosome_8_98a-103,0.35
Chromosome_8_117a-361,0.016
com_Chromosome_8_118b-126,0.248
com_Chromosome_8_144b-139,0.336
com_Chromosome_8_154b-182,0.518
com_Chromosome_8_164b-174,0.006
com_Chromosome_8_165b-300,0.056
com_Chromosome_8_172b-36,0.018
Chromosome_8_184a-183,0.032
Chromosome_8_192a-219,0.026
com_Chromosome_8_204b-129,0.006
Chromosome_8_234a-90,0.004
Chromosome_8_252a-200,0.118
com_Chromosome_8_293b-156,0.482
Chromosome_8_328a-394,0.012
Chromosome_8_369a-271,0.004
Chromosome_8_388a-182,0.11
com_Chromosome_8_395b-42,0.28
Chromosome_8_397a-345,0.008
com_Chromosome_8_399b-153,0.006
com_Chromosome_8_417b-236,0.214
Chromosome_8_426a-398,0.024
com_Chromosome_8_451b-243,0.002
Chromosome_8_453a-285,0.026
com_Chromosome_8_494b-93,0.208
Chromosome_8_610a-331,0.292
Chromosome_8_617a-356,0.256
Chromosome_8_619a-265,0.104
Chromosome_8_622a-82,0.016
Chromosome_8_626a-377,0.166
com_Chromosome_8_626b-26,0.5
com_Chromosome_8_632b-152,0.042
Chromosome_8_640a-397,0.106
Chromosome_8_642a-230,0.524
com_Chromosome_8_647b-180,0.09
Chromosome_8_663a-363,0.262
Chromosome_8_694a-398,0.528
com_Chromosome_8_694b-5,0.326
com_Chromosome_8_708b-13,0.016
com_Chromosome_8_710b-401,0.528
com_Chromosome_8_711b-81,0.29
Chromosome_8_713a-218,0.44
com_Chromosome_8_713b-185,0.262
Chromosome_8_715a-185,0.754
com_Chromosome_8_724b-180,0.274
com_Chromosome_8_749b-187,0.408
com_Chromosome_8_752b-54,0.04
com_Chromosome_8_754b-147,0.212
com_Chromosome_8_774b-40,0.302
com_Chromosome_8_775b-96,0.288
Chromosome_8_777a-218,0.084
Chromosome_8_789a-276,0.078
com_Chromosome_8_789b-127,0.028
com_Chromosome_8_796b-90,0.018
com_Chromosome_8_798b-47,0.002
Chromosome_8_803a-275,0.406
com_Chromosome_8_816b-178,0.22
Chromosome_8_847a-188,0.016
com_Chromosome_8_852b-190,0.002
com_Chromosome_8_860b-333,0.364
com_Chromosome_8_876b-228,0.006
Chromosome_8_880a-383,0.012
com_Chromosome_8_880b-20,0.286
com_Chromosome_8_1024b-165,0.004
Chromosome_8_1025a-192,0.422
Chromosome_8_1026a-218,0.006
com_Chromosome_8_1029b-173,0.742
com_Chromosome_8_1049b-28,0.544
com_Chromosome_8_1072b-110,0.008
com_Chromosome_8_1082b-7,0.066
Chromosome_8_1144a-245,0.21
Chromosome_8_1148a-216,0.386
com_Chromosome_8_1149b-103,0.104
com_Chromosome_8_1150b-298,0.16
Chromosome_8_1153a-318,0.592
Chromosome_8_1160a-179,0.068
Chromosome_8_1185a-243,0.172
Chromosome_8_1195a-393,0.844
com_Chromosome_8_1195b-199,0.042
Chromosome_8_1209a-235,0.02
com_Chromosome_8_1210b-172,0.706
com_Chromosome_8_1220b-205,0.202
Chromosome_8_1263a-116,0.674
com_Chromosome_8_1274b-108,0.084
Chromosome_8_1293a-228,0.144
Chromosome_8_1294a-372,0.592
Chromosome_8_1307a-189,0.426
com_Chromosome_8_1312b-295,0.16
com_Chromosome_8_1369b-223,0.552
com_Chromosome_8_1380b-392,0.244
com_Chromosome_8_1395b-123,0.006
com_Chromosome_8_1395b-76,0.668
com_Chromosome_8_1407b-232,0.676
Chromosome_8_1410a-325,0.2
Chromosome_8_1419a-198,0.12
com_Chromosome_8_1419b-81,0.196
Chromosome_8_1a-298,0.104
com_Chromosome_8_15b-332,0.014
Chromosome_8_80a-200,0.006
Chromosome_8_89a-385,0.556
Chromosome_8_95a-234,0.06
com_Chromosome_8_99b-17,1.0
Chromosome_8_181a-300,0.06
Chromosome_8_181a-171,0.402
Chromosome_8_193a-197,0.002
com_Chromosome_8_244b-398,0.016
Chromosome_8_260a-105,0.012
com_Chromosome_8_263b-395,0.28
Chromosome_8_268a-177,0.138
com_Chromosome_8_292b-234,0.054
Chromosome_8_299a-358,0.0
Chromosome_8_304a-225,0.356
Chromosome_8_308a-366,0.028
com_Chromosome_8_308b-38,0.134
Chromosome_8_376a-308,0.016
com_Chromosome_8_379b-280,0.0
com_Chromosome_8_392b-233,0.372
com_Chromosome_8_444b-82,0.032
Chromosome_8_468a-300,0.026
Chromosome_8_532a-374,0.012
Chromosome_8_568a-291,0.016
com_Chromosome_8_616b-351,0.41
com_Chromosome_8_643b-76,0.098
com_Chromosome_8_663b-41,0.566
Chromosome_8_680a-275,0.112
com_Chromosome_8_680b-129,0.082
Chromosome_8_687a-277,0.306
com_Chromosome_8_694b-109,0.002
com_Chromosome_8_698b-142,0.004
com_Chromosome_8_712b-185,0.238
Chromosome_8_720a-251,0.084
com_Chromosome_8_724b-95,0.03
com_Chromosome_8_742b-113,0.028
com_Chromosome_8_743b-151,0.366
Chromosome_8_754a-276,0.05
com_Chromosome_8_754b-70,0.058
Chromosome_8_756a-187,0.004
com_Chromosome_8_756b-11,0.764
Chromosome_8_760a-310,0.236
com_Chromosome_8_767b-21,0.272
Chromosome_8_789a-180,0.022
com_Chromosome_8_812b-138,0.888
com_Chromosome_8_821b-163,0.334
com_Chromosome_8_825b-122,0.01
com_Chromosome_8_846b-165,0.008
com_Chromosome_8_902b-400,0.196
Chromosome_8_913a-401,0.124
com_Chromosome_8_944b-219,0.724
Chromosome_8_981a-351,0.16
Chromosome_8_982a-257,0.596
Chromosome_8_987a-180,0.856
com_Chromosome_8_987b-224,0.616
com_Chromosome_8_988b-47,0.978
com_Chromosome_8_990b-1,0.064
com_Chromosome_8_1045b-50,0.172
com_Chromosome_8_1052b-111,0.192
com_Chromosome_8_1052b-18,0.688
com_Chromosome_8_1056b-42,0.148
com_Chromosome_8_1065b-116,0.042
Chromosome_8_1075a-380,0.256
Chromosome_8_1132a-330,0.214
com_Chromosome_8_1134b-118,0.062
Chromosome_8_1138a-255,0.284
Chromosome_8_1156a-316,0.35
Chromosome_8_1165a-255,0.644
com_Chromosome_8_1177b-170,0.026
com_Chromosome_8_1179b-123,0.48
Chromosome_8_1199a-379,0.682
com_Chromosome_8_1214b-88,0.004
com_Chromosome_8_1220b-234,0.318
Chromosome_8_1236a-223,0.794
com_Chromosome_8_1236b-292,0.002
com_Chromosome_8_1261b-228,0.094
com_Chromosome_8_1266b-29,0.002
com_Chromosome_8_1267b-193,0.036
com_Chromosome_8_1329b-160,0.028
Chromosome_8_1332a-318,0.228
Chromosome_8_1351a-366,0.534
com_Chromosome_8_1378b-177,0.47
com_Chromosome_8_1388b-113,0.694
com_Chromosome_8_1392b-244,0.318
Chromosome_8_1404a-251,0.426
Chromosome_8_1432a-343,0.658
Chromosome_8_1451a-362,0.01
Chromosome_8_1452a-128,0.014
com_Chromosome_8_1469b-361,0.486
com_Chromosome_8_9b-87,0.058
Chromosome_8_11a-174,0.228
com_Chromosome_8_12b-52,0.034
Chromosome_8_15a-356,0.024
com_Chromosome_8_16b-191,0.032
com_Chromosome_8_18b-228,0.06
com_Chromosome_8_18b-178,0.098
Chromosome_8_32a-277,0.022
Chromosome_8_51a-404,0.072
Chromosome_8_107a-401,0.084
Chromosome_8_108a-169,0.476
Chromosome_8_111a-402,0.236
com_Chromosome_8_128b-375,0.018
com_Chromosome_8_128b-327,0.008
Chromosome_8_136a-359,0.254
com_Chromosome_8_136b-46,0.408
Chromosome_8_148a-24,0.034
Chromosome_8_173a-404,0.292
com_Chromosome_8_176b-24,0.016
com_Chromosome_8_177b-238,0.706
com_Chromosome_8_180b-219,0.99
com_Chromosome_8_187b-84,0.83
com_Chromosome_8_188b-65,0.198
Chromosome_8_190a-284,0.648
com_Chromosome_8_222b-128,0.056
Chromosome_8_258a-264,0.12
Chromosome_8_307a-224,0.094
Chromosome_8_307a-169,0.236
com_Chromosome_8_307b-25,0.006
com_Chromosome_8_365b-402,0.032
Chromosome_8_390a-188,0.188
com_Chromosome_8_417b-403,0.072
Chromosome_8_419a-360,0.158
com_Chromosome_8_450b-113,0.01
Chromosome_8_473a-404,0.03
com_Chromosome_8_533b-53,0.67
com_Chromosome_8_547b-403,0.114
com_Chromosome_8_641b-113,0.13
com_Chromosome_8_658b-232,0.46
Chromosome_8_661a-265,0.26
com_Chromosome_8_670b-175,0.404
com_Chromosome_8_670b-41,0.394
Chromosome_8_690a-183,0.608
Chromosome_8_691a-170,0.512
Chromosome_8_695a-78,0.182
com_Chromosome_8_698b-99,0.206
Chromosome_8_708a-391,0.082
com_Chromosome_8_715b-219,0.506
com_Chromosome_8_724b-17,0.116
Chromosome_8_730a-312,0.038
Chromosome_8_737a-268,0.46
com_Chromosome_8_745b-134,0.208
Chromosome_8_748a-297,0.14
Chromosome_8_761a-202,0.228
Chromosome_8_780a-388,0.984
com_Chromosome_8_820b-11,0.268
com_Chromosome_8_837b-62,0.782
com_Chromosome_8_892b-241,0.386
com_Chromosome_8_893b-403,0.31
Chromosome_8_929a-377,0.222
com_Chromosome_8_980b-145,0.242
Chromosome_8_1003a-176,0.902
Chromosome_8_1021a-244,0.004
com_Chromosome_8_1031b-153,0.162
Chromosome_8_1034a-292,0.32
com_Chromosome_8_1034b-113,0.01
Chromosome_8_1050a-292,0.006
com_Chromosome_8_1060b-244,0.246
com_Chromosome_8_1087b-63,0.454
com_Chromosome_8_1131b-57,0.108
com_Chromosome_8_1141b-45,0.27
Chromosome_8_1147a-346,0.098
Chromosome_8_1150a-177,0.674
Chromosome_8_1161a-328,0.018
com_Chromosome_8_1167b-382,0.04
Chromosome_8_1174a-96,0.042
com_Chromosome_8_1184b-154,0.46
com_Chromosome_8_1205b-104,0.642
Chromosome_8_1207a-295,0.668
com_Chromosome_8_1211b-16,0.41
com_Chromosome_8_1262b-114,0.094
com_Chromosome_8_1266b-40,0.008
Chromosome_8_1267a-291,0.02
com_Chromosome_8_1312b-397,0.03
Chromosome_8_1373a-402,0.012
Chromosome_8_1395a-233,0.57
com_Chromosome_8_1399b-402,0.014
com_Chromosome_8_1411b-13,0.27
com_Chromosome_8_1415b-187,0.08
Chromosome_8_1436a-280,0.972
Chromosome_8_1464a-377,0.868
Chromosome_8_11a-300,0.096
Chromosome_8_16a-372,0.398
Chromosome_8_17a-370,0.01
Chromosome_8_18a-381,0.024
com_Chromosome_8_26b-24,0.448
com_Chromosome_8_55b-401,0.01
Chromosome_8_65a-320,0.09
com_Chromosome_8_65b-86,0.218
Chromosome_8_95a-405,0.278
Chromosome_8_109a-327,0.118
com_Chromosome_8_113b-150,0.178
com_Chromosome_8_142b-173,0.016
com_Chromosome_8_163b-404,0.038
com_Chromosome_8_173b-129,0.048
com_Chromosome_8_181b-203,0.08
com_Chromosome_8_206b-405,0.02
Chromosome_8_257a-120,0.04
Chromosome_8_302a-291,0.014
Chromosome_8_336a-384,0.174
com_Chromosome_8_340b-399,0.108
Chromosome_8_378a-273,0.014
Chromosome_8_383a-270,0.722
com_Chromosome_8_401b-181,0.092
com_Chromosome_8_446b-338,0.04
Chromosome_8_596a-398,0.008
com_Chromosome_8_617b-144,0.164
Chromosome_8_619a-228,0.036
Chromosome_8_641a-267,0.032
Chromosome_8_694a-196,0.022
Chromosome_8_701a-298,0.7
com_Chromosome_8_705b-59,0.834
com_Chromosome_8_720b-40,0.848
com_Chromosome_8_731b-61,0.086
com_Chromosome_8_732b-247,0.064
Chromosome_8_734a-357,0.152
Chromosome_8_738a-348,0.242
com_Chromosome_8_741b-244,0.638
com_Chromosome_8_744b-378,0.12
Chromosome_8_750a-327,0.016
com_Chromosome_8_762b-133,0.562
Chromosome_8_802a-142,0.01
Chromosome_8_803a-367,0.368
com_Chromosome_8_834b-263,0.048
com_Chromosome_8_844b-61,0.022
com_Chromosome_8_844b-18,0.172
Chromosome_8_866a-206,0.672
Chromosome_8_874a-221,0.418
com_Chromosome_8_890b-208,0.45
com_Chromosome_8_904b-245,0.152
com_Chromosome_8_980b-391,0.01
Chromosome_8_987a-76,0.224
Chromosome_8_988a-224,0.006
Chromosome_8_994a-52,0.468
Chromosome_8_1031a-273,0.066
Chromosome_8_1042a-163,0.346
Chromosome_8_1049a-386,0.572
Chromosome_8_1115a-210,0.352
Chromosome_8_1132a-401,0.246
com_Chromosome_8_1132b-8,0.036
Chromosome_8_1133a-186,0.012
Chromosome_8_1150a-258,0.038
com_Chromosome_8_1150b-148,0.014
Chromosome_8_1151a-403,0.728
com_Chromosome_8_1151b-3,0.22
Chromosome_8_1169a-247,0.604
Chromosome_8_1176a-230,0.204
Chromosome_8_1213a-179,0.554
com_Chromosome_8_1228b-232,0.006
Chromosome_8_1290a-301,0.628
com_Chromosome_8_1290b-105,0.822
Chromosome_8_1314a-236,0.21
Chromosome_8_1317a-405,0.308
com_Chromosome_8_1317b-69,0.53
Chromosome_8_1329a-245,0.086
Chromosome_8_1353a-405,0.358
com_Chromosome_8_1364b-96,0.446
Chromosome_8_1382a-159,0.578
Chromosome_8_1384a-94,0.252
Chromosome_8_1387a-391,0.988
com_Chromosome_8_1387b-15,0.914
Chromosome_8_1392a-166,0.09
com_Chromosome_8_1404b-98,0.22
com_Chromosome_8_1426b-58,0.162
com_Chromosome_8_1439b-206,0.544
com_Chromosome_8_1466b-147,0.814
com_Chromosome_8_16b-3,0.016
com_Chromosome_8_25b-38,0.386
Chromosome_8_30a-267,0.404
com_Chromosome_8_30b-104,0.49
Chromosome_8_64a-193,0.11
com_Chromosome_8_88b-28,0.024
com_Chromosome_8_96b-305,0.008
Chromosome_8_140a-242,0.014
com_Chromosome_8_146b-49,0.636
com_Chromosome_8_149b-164,0.002
Chromosome_8_160a-212,0.552
Chromosome_8_163a-228,0.288
com_Chromosome_8_175b-161,0.606
Chromosome_8_177a-169,0.124
Chromosome_8_248a-133,0.01
Chromosome_8_263a-363,0.996
Chromosome_8_307a-381,0.23
Chromosome_8_308a-293,0.01
Chromosome_8_391a-405,0.004
com_Chromosome_8_391b-2,0.0
Chromosome_8_444a-240,0.028
Chromosome_8_459a-322,0.074
com_Chromosome_8_643b-91,0.126
Chromosome_8_661a-344,0.034
Chromosome_8_680a-146,0.03
Chromosome_8_702a-234,0.944
com_Chromosome_8_702b-173,0.468
Chromosome_8_717a-61,0.03
Chromosome_8_737a-216,0.778
Chromosome_8_738a-306,0.298
Chromosome_8_775a-309,0.082
Chromosome_8_785a-381,0.048
com_Chromosome_8_796b-185,0.01
com_Chromosome_8_817b-148,0.712
com_Chromosome_8_818b-156,0.544
Chromosome_8_831a-336,0.132
com_Chromosome_8_832b-321,0.022
Chromosome_8_842a-299,0.142
com_Chromosome_8_843b-24,0.044
Chromosome_8_846a-316,0.098
com_Chromosome_8_846b-91,0.056
com_Chromosome_8_850b-88,0.022
com_Chromosome_8_863b-146,0.476
com_Chromosome_8_872b-177,0.564
com_Chromosome_8_885b-174,0.206
Chromosome_8_904a-347,0.622
Chromosome_8_908a-271,0.002
com_Chromosome_8_910b-61,0.002
Chromosome_8_992a-255,0.648
Chromosome_8_1028a-262,0.096
Chromosome_8_1038a-367,0.402
com_Chromosome_8_1053b-188,0.646
com_Chromosome_8_1072b-338,0.002
Chromosome_8_1082a-324,0.544
com_Chromosome_8_1082b-83,0.072
Chromosome_8_1116a-174,0.5
Chromosome_8_1132a-267,0.012
Chromosome_8_1132a-231,0.058
Chromosome_8_1150a-46,0.01
com_Chromosome_8_1176b-215,0.418
Chromosome_8_1178a-115,0.352
Chromosome_8_1179a-329,0.79
Chromosome_8_1220a-350,0.446
com_Chromosome_8_1256b-370,0.774
com_Chromosome_8_1267b-106,0.014
Chromosome_8_1271a-210,0.168
com_Chromosome_8_1289b-193,0.484
com_Chromosome_8_1292b-24,0.128
com_Chromosome_8_1330b-12,0.356
Chromosome_8_1357a-405,0.19
Chromosome_8_1397a-250,0.684
com_Chromosome_8_1397b-157,0.022
Chromosome_8_1404a-304,0.03
com_Chromosome_8_1436b-32,0.012
com_Chromosome_8_1464b-29,0.418
Chromosome_8_1487a-367,0.292
com_Chromosome_8_15b-115,0.066
com_Chromosome_8_23b-406,0.07
com_Chromosome_8_35b-92,0.01
com_Chromosome_8_37b-227,0.002
com_Chromosome_8_38b-228,0.35
Chromosome_8_49a-215,0.612
Chromosome_8_57a-199,0.042
com_Chromosome_8_59b-102,0.596
com_Chromosome_8_78b-176,0.278
com_Chromosome_8_101b-53,0.028
Chromosome_8_153a-402,0.604
com_Chromosome_8_160b-241,0.108
Chromosome_8_165a-160,0.336
com_Chromosome_8_182b-20,0.366
Chromosome_8_198a-322,0.418
Chromosome_8_260a-396,0.008
com_Chromosome_8_299b-58,0.008
com_Chromosome_8_303b-219,0.064
com_Chromosome_8_303b-91,0.022
com_Chromosome_8_306b-250,0.03
Chromosome_8_355a-194,0.086
com_Chromosome_8_383b-134,0.116
com_Chromosome_8_397b-65,0.004
Chromosome_8_399a-233,0.118
Chromosome_8_401a-404,0.072
Chromosome_8_630a-160,0.328
com_Chromosome_8_647b-163,0.424
Chromosome_8_658a-181,0.016
com_Chromosome_8_668b-204,0.002
com_Chromosome_8_673b-103,0.574
Chromosome_8_679a-265,0.476
Chromosome_8_694a-318,0.032
com_Chromosome_8_704b-59,0.494
Chromosome_8_711a-189,0.03
Chromosome_8_722a-277,0.208
Chromosome_8_725a-43,0.0
Chromosome_8_750a-298,0.168
com_Chromosome_8_750b-110,0.068
com_Chromosome_8_753b-4,0.006
com_Chromosome_8_754b-214,0.024
Chromosome_8_814a-314,0.646
com_Chromosome_8_845b-164,0.322
Chromosome_8_853a-190,0.204
Chromosome_8_907a-163,0.018
com_Chromosome_8_907b-45,0.022
com_Chromosome_8_986b-81,0.788
Chromosome_8_995a-286,0.028
Chromosome_8_996a-127,0.012
com_Chromosome_8_1021b-39,0.034
Chromosome_8_1023a-179,0.024
com_Chromosome_8_1055b-176,0.06
com_Chromosome_8_1074b-47,0.398
com_Chromosome_8_1081b-119,0.814
com_Chromosome_8_1095b-220,0.274
Chromosome_8_1171a-279,0.066
Chromosome_8_1207a-344,0.412
com_Chromosome_8_1219b-6,0.328
com_Chromosome_8_1288b-135,0.396
com_Chromosome_8_1290b-46,0.288
com_Chromosome_8_1345b-182,0.824
com_Chromosome_8_1345b-99,0.02
com_Chromosome_8_1357b-178,0.412
Chromosome_8_1377a-313,0.93
Chromosome_8_1398a-248,0.07
Chromosome_8_1408a-333,0.032
com_Chromosome_8_1436b-198,0.184
com_Chromosome_8_1456b-1,0.014
Chromosome_8_3a-205,0.134
com_Chromosome_8_11b-392,0.126
Chromosome_8_27a-317,0.32
com_Chromosome_8_29b-228,0.264
Chromosome_8_54a-256,0.11
com_Chromosome_8_56b-34,0.056
com_Chromosome_8_67b-405,0.534
Chromosome_8_103a-332,0.012
com_Chromosome_8_117b-77,0.008
Chromosome_8_126a-394,0.946
com_Chromosome_8_126b-15,0.906
com_Chromosome_8_138b-179,0.01
Chromosome_8_148a-285,0.226
Chromosome_8_154a-334,0.014
Chromosome_8_172a-372,0.048
Chromosome_8_185a-304,0.126
com_Chromosome_8_189b-230,0.244
com_Chromosome_8_198b-266,0.268
com_Chromosome_8_263b-45,0.978
com_Chromosome_8_291b-319,0.016
Chromosome_8_303a-59,0.338
Chromosome_8_305a-408,0.044
Chromosome_8_308a-178,0.028
Chromosome_8_309a-365,0.024
Chromosome_8_333a-24,0.012
com_Chromosome_8_349b-75,0.414
com_Chromosome_8_385b-162,0.172
Chromosome_8_386a-254,0.414
com_Chromosome_8_387b-405,0.016
com_Chromosome_8_445b-268,0.014
Chromosome_8_451a-163,0.008
Chromosome_8_453a-206,0.526
com_Chromosome_8_462b-407,0.064
com_Chromosome_8_539b-234,0.418
Chromosome_8_558a-260,0.516
Chromosome_8_617a-175,0.838
Chromosome_8_626a-228,0.392
com_Chromosome_8_642b-79,0.188
Chromosome_8_655a-331,0.354
com_Chromosome_8_666b-64,0.784
com_Chromosome_8_674b-202,0.974
com_Chromosome_8_743b-105,0.134
Chromosome_8_762a-392,0.01
Chromosome_8_768a-55,0.022
com_Chromosome_8_795b-9,0.314
com_Chromosome_8_890b-325,0.016
Chromosome_8_938a-251,0.904
com_Chromosome_8_995b-132,0.53
Chromosome_8_1006a-384,0.012
Chromosome_8_1010a-177,0.646
Chromosome_8_1010a-161,0.81
Chromosome_8_1037a-232,0.326
com_Chromosome_8_1048b-307,0.372
com_Chromosome_8_1049b-106,0.368
Chromosome_8_1063a-261,0.102
Chromosome_8_1129a-266,0.524
Chromosome_8_1132a-187,0.002
com_Chromosome_8_1134b-15,0.366
Chromosome_8_1137a-320,0.402
com_Chromosome_8_1138b-15,0.628
Chromosome_8_1182a-334,0.186
Chromosome_8_1213a-391,0.334
com_Chromosome_8_1220b-44,0.82
Chromosome_8_1261a-300,0.508
com_Chromosome_8_1375b-38,0.25
com_Chromosome_8_1492b-407,0.002
Chromosome_8_17a-320,0.058
com_Chromosome_8_29b-193,0.834
Chromosome_8_50a-266,0.062
Chromosome_8_67a-268,0.062
com_Chromosome_8_91b-356,0.65
Chromosome_8_98a-337,0.57
com_Chromosome_8_110b-95,0.13
com_Chromosome_8_116b-186,0.366
Chromosome_8_129a-175,0.01
Chromosome_8_164a-208,0.018
com_Chromosome_8_170b-392,0.104
com_Chromosome_8_172b-81,0.04
com_Chromosome_8_176b-13,0.042
Chromosome_8_177a-271,0.148
Chromosome_8_263a-409,0.002
com_Chromosome_8_304b-395,0.074
com_Chromosome_8_331b-20,0.0
Chromosome_8_380a-278,0.064
Chromosome_8_390a-298,0.474
com_Chromosome_8_390b-112,0.726
Chromosome_8_395a-173,0.0
Chromosome_8_398a-38,0.008
Chromosome_8_424a-409,0.038
Chromosome_8_444a-264,0.016
com_Chromosome_8_444b-30,0.0
Chromosome_8_562a-400,0.208
com_Chromosome_8_619b-110,0.032
com_Chromosome_8_622b-62,0.272
Chromosome_8_629a-392,0.09
Chromosome_8_670a-203,0.026
Chromosome_8_678a-338,0.174
com_Chromosome_8_696b-122,0.064
Chromosome_8_708a-244,0.022
Chromosome_8_738a-277,0.282
Chromosome_8_761a-311,0.034
Chromosome_8_777a-287,0.056
Chromosome_8_792a-344,0.076
Chromosome_8_844a-214,0.182
com_Chromosome_8_854b-406,0.142
Chromosome_8_907a-278,0.01
Chromosome_8_909a-196,0.004
Chromosome_8_912a-263,0.89
com_Chromosome_8_914b-357,0.222
Chromosome_8_915a-242,0.324
com_Chromosome_8_930b-101,0.286
com_Chromosome_8_990b-173,0.664
Chromosome_8_995a-397,0.004
com_Chromosome_8_1021b-65,0.006
com_Chromosome_8_1029b-17,0.008
com_Chromosome_8_1068b-36,0.424
Chromosome_8_1115a-189,0.566
com_Chromosome_8_1143b-39,0.024
Chromosome_8_1165a-379,0.746
Chromosome_8_1172a-407,0.578
Chromosome_8_1221a-207,0.026
com_Chromosome_8_1229b-135,0.87
com_Chromosome_8_1229b-11,0.526
com_Chromosome_8_1239b-23,0.894
com_Chromosome_8_1242b-349,0.026
Chromosome_8_1257a-352,0.044
com_Chromosome_8_1308b-116,0.114
com_Chromosome_8_1352b-196,0.34
Chromosome_8_1361a-355,0.072
Chromosome_8_1411a-398,0.758
com_Chromosome_8_1482b-171,0.012
com_Chromosome_8_8b-367,0.038
com_Chromosome_8_15b-156,0.6
com_Chromosome_8_25b-100,0.008
Chromosome_8_53a-386,0.71
Chromosome_8_101a-343,0.444
Chromosome_8_146a-127,0.042
com_Chromosome_8_163b-164,0.106
Chromosome_8_170a-290,0.008
com_Chromosome_8_217b-347,0.004
com_Chromosome_8_300b-132,0.842
Chromosome_8_361a-406,0.0
com_Chromosome_8_373b-399,0.156
Chromosome_8_385a-163,0.008
Chromosome_8_446a-378,0.56
Chromosome_8_462a-397,0.034
Chromosome_8_465a-304,0.282
Chromosome_8_494a-314,0.34
Chromosome_8_538a-381,0.998
com_Chromosome_8_632b-85,0.012
com_Chromosome_8_645b-167,0.026
com_Chromosome_8_655b-69,0.06
Chromosome_8_665a-218,0.07
com_Chromosome_8_667b-99,0.126
com_Chromosome_8_694b-78,0.162
com_Chromosome_8_698b-76,0.186
Chromosome_8_727a-325,0.884
com_Chromosome_8_819b-96,0.13
com_Chromosome_8_820b-186,0.078
com_Chromosome_8_901b-41,0.57
Chromosome_8_915a-376,0.684
Chromosome_8_994a-410,0.854
Chromosome_8_1006a-406,0.016
Chromosome_8_1029a-272,0.872
com_Chromosome_8_1031b-242,0.486
Chromosome_8_1039a-43,0.01
Chromosome_8_1071a-104,0.898
com_Chromosome_8_1094b-143,0.006
Chromosome_8_1125a-230,0.088
Chromosome_8_1126a-293,0.032
Chromosome_8_1164a-286,0.07
Chromosome_8_1217a-181,0.376
com_Chromosome_8_1217b-230,0.338
Chromosome_8_1266a-344,0.142
Chromosome_8_1351a-348,0.528
com_Chromosome_8_1366b-32,0.37
com_Chromosome_8_1436b-128,0.96
com_Chromosome_8_8b-350,0.018
Chromosome_8_53a-305,0.258
Chromosome_8_58a-18,0.4
com_Chromosome_8_91b-284,0.97
com_Chromosome_8_95b-113,0.046
Chromosome_8_138a-270,0.254
Chromosome_8_173a-340,0.102
com_Chromosome_8_216b-176,0.008
Chromosome_8_221a-375,0.08
Chromosome_8_222a-97,0.03
com_Chromosome_8_230b-151,0.382
com_Chromosome_8_258b-139,0.104
com_Chromosome_8_307b-383,0.306
com_Chromosome_8_340b-225,0.204
com_Chromosome_8_436b-9,0.276
com_Chromosome_8_450b-158,0.236
com_Chromosome_8_541b-212,0.016
Chromosome_8_549a-229,0.024
Chromosome_8_624a-343,0.004
Chromosome_8_640a-174,0.076
com_Chromosome_8_654b-42,0.468
Chromosome_8_669a-376,0.504
com_Chromosome_8_671b-167,0.692
Chromosome_8_689a-106,0.022
com_Chromosome_8_712b-297,0.216
Chromosome_8_722a-395,0.032
Chromosome_8_725a-328,0.73
com_Chromosome_8_763b-206,0.386
Chromosome_8_793a-189,0.48
Chromosome_8_839a-405,0.0
Chromosome_8_850a-203,0.388
com_Chromosome_8_892b-105,0.912
com_Chromosome_8_908b-163,0.252
com_Chromosome_8_995b-223,0.174
Chromosome_8_1001a-355,0.952
Chromosome_8_1049a-374,0.546
com_Chromosome_8_1066b-58,0.02
Chromosome_8_1072a-410,0.382
Chromosome_8_1075a-410,0.018
Chromosome_8_1120a-352,0.018
com_Chromosome_8_1130b-220,0.534
com_Chromosome_8_1151b-91,0.012
com_Chromosome_8_1178b-319,0.108
Chromosome_8_1189a-293,0.356
com_Chromosome_8_1295b-99,0.042
Chromosome_8_1302a-360,0.126
com_Chromosome_8_1397b-15,0.012
com_Chromosome_8_1419b-215,0.616
Chromosome_8_9a-324,0.012
Chromosome_8_74a-380,0.42
com_Chromosome_8_74b-129,0.014
com_Chromosome_8_80b-158,0.012
Chromosome_8_81a-387,0.366
Chromosome_8_159a-216,0.018
com_Chromosome_8_160b-47,0.32
com_Chromosome_8_163b-212,0.014
Chromosome_8_176a-195,0.95
com_Chromosome_8_275b-8,0.052
Chromosome_8_333a-344,0.002
Chromosome_8_336a-127,0.038
com_Chromosome_8_382b-149,0.96
Chromosome_8_389a-374,0.278
Chromosome_8_393a-409,0.0
com_Chromosome_8_401b-78,0.068
com_Chromosome_8_445b-401,0.032
Chromosome_8_452a-412,0.014
Chromosome_8_453a-319,0.02
com_Chromosome_8_621b-182,0.02
com_Chromosome_8_643b-24,0.052
com_Chromosome_8_646b-81,0.008
Chromosome_8_680a-202,0.372
com_Chromosome_8_701b-260,0.03
Chromosome_8_724a-339,0.38
Chromosome_8_729a-388,0.176
com_Chromosome_8_729b-25,0.2
com_Chromosome_8_751b-392,0.096
Chromosome_8_752a-410,0.134
Chromosome_8_777a-251,0.098
com_Chromosome_8_797b-199,0.016
Chromosome_8_819a-313,0.958
com_Chromosome_8_843b-210,0.072
Chromosome_8_851a-366,0.074
com_Chromosome_8_899b-114,0.3
com_Chromosome_8_904b-177,0.422
com_Chromosome_8_913b-263,0.008
Chromosome_8_1007a-96,0.232
Chromosome_8_1031a-194,0.138
com_Chromosome_8_1049b-155,0.154
Chromosome_8_1062a-384,0.312
Chromosome_8_1107a-269,0.418
Chromosome_8_1113a-396,0.014
Chromosome_8_1133a-111,0.12
com_Chromosome_8_1133b-236,0.024
Chromosome_8_1134a-340,0.318
com_Chromosome_8_1150b-56,0.402
com_Chromosome_8_1232b-61,0.932
Chromosome_8_1268a-304,0.526
com_Chromosome_8_1303b-218,0.092
com_Chromosome_8_1356b-412,0.002
Chromosome_8_1388a-355,0.288
com_Chromosome_8_1402b-35,0.978
com_Chromosome_8_1405b-396,0.016
com_Chromosome_8_1407b-62,0.098
com_Chromosome_8_1470b-118,0.398
com_Chromosome_8_0b-64,0.582
com_Chromosome_8_80b-211,0.006
com_Chromosome_8_96b-151,0.718
Chromosome_8_142a-291,0.048
Chromosome_8_151a-408,0.142
com_Chromosome_8_153b-225,0.312
com_Chromosome_8_159b-157,0.146
Chromosome_8_174a-311,0.026
com_Chromosome_8_175b-396,0.27
Chromosome_8_176a-401,0.04
Chromosome_8_177a-352,0.596
com_Chromosome_8_386b-118,0.062
Chromosome_8_449a-249,0.028
com_Chromosome_8_526b-68,0.774
Chromosome_8_570a-403,0.526
com_Chromosome_8_610b-211,0.374
Chromosome_8_665a-263,0.034
Chromosome_8_666a-329,0.106
com_Chromosome_8_681b-3,0.094
Chromosome_8_684a-344,0.044
com_Chromosome_8_685b-230,0.01
com_Chromosome_8_746b-99,0.352
Chromosome_8_792a-196,0.312
Chromosome_8_805a-413,0.036
Chromosome_8_815a-292,0.286
com_Chromosome_8_831b-115,0.276
Chromosome_8_868a-274,0.23
com_Chromosome_8_892b-87,0.482
Chromosome_8_895a-397,0.438
com_Chromosome_8_900b-35,0.232
com_Chromosome_8_933b-105,0.082
Chromosome_8_1006a-31,0.036
com_Chromosome_8_1013b-34,0.004
com_Chromosome_8_1023b-198,0.522
Chromosome_8_1055a-183,0.018
com_Chromosome_8_1056b-231,0.36
Chromosome_8_1063a-281,0.062
com_Chromosome_8_1068b-227,0.084
com_Chromosome_8_1077b-207,0.018
Chromosome_8_1092a-274,0.176
com_Chromosome_8_1167b-111,0.372
Chromosome_8_1187a-354,0.552
Chromosome_8_1198a-394,0.174
Chromosome_8_1216a-238,0.58
com_Chromosome_8_1292b-206,0.69
Chromosome_8_1310a-376,0.058
com_Chromosome_8_1346b-82,0.372
com_Chromosome_8_1386b-45,0.616
Chromosome_8_1419a-410,0.046
com_Chromosome_8_1422b-180,0.028
com_Chromosome_8_11b-235,0.106
com_Chromosome_8_48b-164,0.27
com_Chromosome_8_80b-24,0.182
com_Chromosome_8_105b-198,0.986
com_Chromosome_8_133b-414,0.04
Chromosome_8_148a-174,0.366
com_Chromosome_8_176b-219,0.892
com_Chromosome_8_264b-202,0.868
com_Chromosome_8_307b-192,0.278
com_Chromosome_8_333b-70,0.16
com_Chromosome_8_368b-85,0.368
Chromosome_8_391a-350,0.004
Chromosome_8_466a-238,0.052
Chromosome_8_611a-194,0.408
com_Chromosome_8_611b-221,0.55
Chromosome_8_712a-404,0.568
com_Chromosome_8_722b-170,0.322
Chromosome_8_743a-34,0.174
Chromosome_8_744a-343,0.992
com_Chromosome_8_744b-72,1.0
com_Chromosome_8_805b-27,0.18
com_Chromosome_8_875b-88,0.688
com_Chromosome_8_915b-219,0.044
com_Chromosome_8_1008b-247,0.39
com_Chromosome_8_1034b-207,0.03
com_Chromosome_8_1036b-215,0.362
com_Chromosome_8_1044b-168,0.448
com_Chromosome_8_1066b-16,0.038
Chromosome_8_1076a-200,0.238
com_Chromosome_8_1076b-55,0.022
Chromosome_8_1089a-411,0.014
Chromosome_8_1090a-170,0.312
Chromosome_8_1092a-196,0.396
Chromosome_8_1175a-352,0.01
com_Chromosome_8_1194b-17,0.024
Chromosome_8_1199a-402,0.456
Chromosome_8_1210a-368,0.184
com_Chromosome_8_1210b-47,0.016
com_Chromosome_8_1212b-204,0.468
Chromosome_8_1227a-283,0.12
com_Chromosome_8_1228b-185,0.032
Chromosome_8_1265a-355,0.046
com_Chromosome_8_1310b-412,0.01
com_Chromosome_8_1365b-181,0.342
com_Chromosome_8_1390b-184,0.514
Chromosome_8_1412a-299,0.64
Chromosome_8_1466a-325,0.972
com_Chromosome_8_1466b-90,1.0
com_Chromosome_8_29b-145,0.078
Chromosome_8_48a-165,0.106
Chromosome_8_51a-267,1.0
com_Chromosome_8_51b-149,0.982
Chromosome_8_53a-347,0.42
com_Chromosome_8_54b-191,0.108
Chromosome_8_90a-380,0.284
Chromosome_8_90a-248,0.424
com_Chromosome_8_90b-168,0.35
Chromosome_8_95a-354,0.11
com_Chromosome_8_108b-93,0.348
com_Chromosome_8_115b-220,0.472
Chromosome_8_138a-240,0.088
com_Chromosome_8_151b-185,0.114
com_Chromosome_8_171b-115,0.222
com_Chromosome_8_260b-179,0.632
com_Chromosome_8_301b-52,0.394
com_Chromosome_8_345b-100,0.08
Chromosome_8_392a-195,0.034
Chromosome_8_396a-301,0.024
com_Chromosome_8_399b-414,0.05
com_Chromosome_8_399b-209,0.28
com_Chromosome_8_492b-415,0.004
Chromosome_8_644a-229,0.3
com_Chromosome_8_646b-5,0.016
com_Chromosome_8_698b-361,0.022
com_Chromosome_8_757b-136,0.746
com_Chromosome_8_797b-83,0.066
com_Chromosome_8_802b-74,0.942
Chromosome_8_815a-277,0.302
com_Chromosome_8_828b-156,0.918
Chromosome_8_846a-178,0.016
com_Chromosome_8_851b-153,0.08
Chromosome_8_908a-362,0.016
com_Chromosome_8_983b-403,0.51
com_Chromosome_8_1002b-118,0.354
Chromosome_8_1026a-138,0.196
Chromosome_8_1123a-315,0.642
com_Chromosome_8_1212b-53,0.154
com_Chromosome_8_1309b-145,0.078
Chromosome_8_1316a-374,0.07
com_Chromosome_8_1369b-165,0.0
com_Chromosome_8_1396b-412,0.026
com_Chromosome_8_71b-22,0.638
Chromosome_8_76a-317,0.232
Chromosome_8_81a-376,0.074
com_Chromosome_8_95b-5,0.098
com_Chromosome_8_97b-416,0.564
Chromosome_8_112a-381,0.65
com_Chromosome_8_115b-109,0.21
Chromosome_8_116a-410,0.354
com_Chromosome_8_129b-233,0.028
Chromosome_8_137a-411,0.096
com_Chromosome_8_162b-114,0.466
Chromosome_8_174a-239,0.002
Chromosome_8_193a-171,0.438
Chromosome_8_237a-389,0.01
Chromosome_8_261a-132,0.0
Chromosome_8_283a-414,0.322
com_Chromosome_8_380b-232,0.16
Chromosome_8_384a-319,0.018
Chromosome_8_385a-285,0.0
com_Chromosome_8_409b-240,0.004
Chromosome_8_529a-246,0.03
com_Chromosome_8_538b-300,0.998
com_Chromosome_8_559b-234,0.968
com_Chromosome_8_615b-87,0.382
com_Chromosome_8_627b-87,0.698
Chromosome_8_667a-204,0.04
com_Chromosome_8_679b-14,0.004
Chromosome_8_687a-131,0.15
Chromosome_8_721a-357,0.088
Chromosome_8_723a-310,0.052
com_Chromosome_8_723b-107,0.052
Chromosome_8_733a-232,0.492
Chromosome_8_766a-125,0.154
com_Chromosome_8_838b-78,0.098
Chromosome_8_870a-355,0.392
com_Chromosome_8_901b-206,0.266
Chromosome_8_1012a-244,0.62
com_Chromosome_8_1023b-3,0.434
com_Chromosome_8_1024b-200,0.16
Chromosome_8_1030a-343,0.71
com_Chromosome_8_1030b-74,0.818
com_Chromosome_8_1032b-70,0.164
com_Chromosome_8_1042b-54,0.33
com_Chromosome_8_1065b-81,0.214
Chromosome_8_1074a-203,0.25
com_Chromosome_8_1074b-214,0.992
Chromosome_8_1076a-391,0.016
Chromosome_8_1132a-383,0.064
Chromosome_8_1144a-133,0.124
com_Chromosome_8_1148b-25,0.004
Chromosome_8_1149a-224,0.002
com_Chromosome_8_1160b-232,0.692
com_Chromosome_8_1178b-364,0.02
Chromosome_8_1182a-221,0.012
com_Chromosome_8_1195b-222,0.04
com_Chromosome_8_1212b-245,0.53
Chromosome_8_1267a-237,0.01
Chromosome_8_1305a-294,0.006
com_Chromosome_8_1347b-89,0.004
com_Chromosome_8_1368b-37,0.148
com_Chromosome_8_1375b-148,0.264
com_Chromosome_8_1395b-280,0.518
com_Chromosome_8_17b-221,0.134
Chromosome_8_30a-234,0.072
com_Chromosome_8_31b-157,0.244
Chromosome_8_62a-106,0.18
Chromosome_8_84a-200,0.056
Chromosome_8_157a-322,0.674
Chromosome_8_176a-230,0.87
com_Chromosome_8_197b-194,0.162
Chromosome_8_223a-413,0.118
com_Chromosome_8_297b-59,0.0
Chromosome_8_305a-224,0.324
com_Chromosome_8_310b-204,0.014
com_Chromosome_8_338b-415,0.65
Chromosome_8_385a-413,0.092
com_Chromosome_8_391b-152,0.492
com_Chromosome_8_396b-14,0.312
Chromosome_8_410a-317,0.646
com_Chromosome_8_465b-205,0.002
com_Chromosome_8_554b-119,0.19
Chromosome_8_640a-348,0.03
Chromosome_8_641a-240,0.09
Chromosome_8_642a-211,0.116
com_Chromosome_8_643b-185,0.604
com_Chromosome_8_665b-151,0.546
Chromosome_8_666a-285,0.092
Chromosome_8_670a-371,0.328
Chromosome_8_718a-416,0.634
Chromosome_8_800a-174,0.986
com_Chromosome_8_803b-99,0.194
com_Chromosome_8_868b-34,0.812
com_Chromosome_8_885b-202,0.356
Chromosome_8_904a-303,0.854
com_Chromosome_8_1072b-44,0.394
com_Chromosome_8_1090b-51,0.174
Chromosome_8_1114a-377,0.098
Chromosome_8_1130a-319,0.16
Chromosome_8_1142a-281,0.11
com_Chromosome_8_1142b-137,0.04
com_Chromosome_8_1218b-158,0.778
com_Chromosome_8_1394b-9,0.006
Chromosome_8_1454a-335,0.164
Chromosome_8_1466a-356,0.226
Chromosome_8_16a-361,0.164
com_Chromosome_8_21b-214,0.038
com_Chromosome_8_29b-12,0.426
com_Chromosome_8_56b-187,0.094
Chromosome_8_68a-343,0.344
Chromosome_8_74a-413,0.074
com_Chromosome_8_81b-36,0.01
com_Chromosome_8_97b-364,0.988
com_Chromosome_8_98b-247,0.06
Chromosome_8_110a-176,0.03
com_Chromosome_8_145b-88,0.614
Chromosome_8_147a-413,0.012
com_Chromosome_8_156b-392,0.024
com_Chromosome_8_156b-12,0.086
com_Chromosome_8_172b-26,0.264
Chromosome_8_181a-327,0.388
com_Chromosome_8_185b-109,0.118
com_Chromosome_8_187b-58,0.884
Chromosome_8_216a-401,0.02
Chromosome_8_219a-329,0.1
com_Chromosome_8_272b-138,0.54
Chromosome_8_273a-31,0.15
Chromosome_8_331a-418,0.546
com_Chromosome_8_333b-168,0.02
com_Chromosome_8_341b-416,0.024
Chromosome_8_379a-341,0.014
Chromosome_8_389a-247,0.396
com_Chromosome_8_450b-211,0.282
Chromosome_8_660a-302,0.006
Chromosome_8_679a-245,0.952
Chromosome_8_707a-378,0.776
Chromosome_8_723a-358,0.208
Chromosome_8_754a-256,0.136
Chromosome_8_917a-292,0.82
Chromosome_8_978a-243,0.224
Chromosome_8_982a-240,0.58
com_Chromosome_8_1025b-219,0.98
com_Chromosome_8_1069b-202,0.088
Chromosome_8_1142a-292,0.208
com_Chromosome_8_1288b-50,0.958
Chromosome_8_1398a-223,0.01
com_Chromosome_8_1411b-70,0.372
Chromosome_8_1412a-386,0.226
Chromosome_8_1461a-196,0.268
com_Chromosome_8_29b-54,0.244
Chromosome_8_37a-344,0.028
com_Chromosome_8_61b-328,0.578
com_Chromosome_8_68b-155,0.018
Chromosome_8_81a-221,0.776
com_Chromosome_8_84b-219,0.014
com_Chromosome_8_103b-24,0.244
com_Chromosome_8_164b-140,0.002
Chromosome_8_175a-49,0.036
Chromosome_8_256a-259,0.008
com_Chromosome_8_260b-131,0.182
com_Chromosome_8_380b-10,0.336
Chromosome_8_381a-311,0.248
com_Chromosome_8_386b-59,0.386
Chromosome_8_395a-77,0.058
Chromosome_8_402a-419,0.008
Chromosome_8_619a-184,0.376
com_Chromosome_8_664b-103,0.01
com_Chromosome_8_695b-14,0.01
com_Chromosome_8_709b-418,0.004
Chromosome_8_769a-311,0.628
Chromosome_8_808a-66,0.684
Chromosome_8_897a-201,0.568
Chromosome_8_935a-326,0.54
Chromosome_8_1007a-118,0.158
com_Chromosome_8_1022b-361,0.066
Chromosome_8_1023a-219,0.17
Chromosome_8_1031a-239,0.002
com_Chromosome_8_1039b-235,0.2
com_Chromosome_8_1061b-39,0.002
Chromosome_8_1190a-326,0.534
com_Chromosome_8_1251b-171,0.066
Chromosome_8_1292a-391,0.054
Chromosome_8_1395a-160,0.002
Chromosome_8_1408a-267,0.24
Chromosome_8_18a-235,0.304
Chromosome_8_68a-78,0.812
com_Chromosome_8_74b-75,0.068
Chromosome_8_76a-237,0.038
Chromosome_8_94a-307,0.826
Chromosome_8_96a-390,0.0
Chromosome_8_104a-239,0.382
Chromosome_8_111a-8,0.008
Chromosome_8_117a-237,0.178
com_Chromosome_8_173b-21,0.064
Chromosome_8_306a-145,0.048
com_Chromosome_8_306b-3,0.448
Chromosome_8_390a-216,0.31
com_Chromosome_8_396b-419,0.162
com_Chromosome_8_402b-306,0.322
Chromosome_8_450a-249,0.138
Chromosome_8_468a-189,0.55
com_Chromosome_8_612b-420,0.062
Chromosome_8_638a-409,0.122
Chromosome_8_642a-317,0.012
com_Chromosome_8_666b-419,0.242
com_Chromosome_8_708b-214,0.06
com_Chromosome_8_711b-30,0.366
com_Chromosome_8_753b-58,0.222
com_Chromosome_8_853b-212,0.356
com_Chromosome_8_890b-132,0.406
Chromosome_8_983a-186,0.622
Chromosome_8_1033a-226,0.036
Chromosome_8_1049a-241,0.024
Chromosome_8_1218a-268,0.756
Chromosome_8_1237a-324,0.256
Chromosome_8_1288a-370,0.998
Chromosome_8_1311a-65,0.26
Chromosome_8_1323a-306,0.518
com_Chromosome_8_22b-28,0.294
Chromosome_8_50a-237,0.02
com_Chromosome_8_59b-169,0.118
Chromosome_8_107a-294,0.674
Chromosome_8_108a-326,0.062
Chromosome_8_110a-304,0.02
Chromosome_8_163a-279,0.03
com_Chromosome_8_164b-337,0.524
com_Chromosome_8_166b-206,0.108
Chromosome_8_175a-401,0.042
Chromosome_8_177a-339,0.274
Chromosome_8_304a-216,0.516
Chromosome_8_401a-337,0.216
com_Chromosome_8_521b-81,0.484
com_Chromosome_8_572b-337,0.008
com_Chromosome_8_661b-227,0.006
Chromosome_8_672a-349,0.196
com_Chromosome_8_689b-410,0.0
com_Chromosome_8_702b-14,0.372
Chromosome_8_719a-154,0.638
com_Chromosome_8_725b-83,0.414
com_Chromosome_8_777b-355,0.406
com_Chromosome_8_802b-246,0.142
com_Chromosome_8_811b-248,0.778
Chromosome_8_845a-106,0.436
Chromosome_8_851a-177,0.014
Chromosome_8_862a-334,0.0
Chromosome_8_982a-417,0.592
Chromosome_8_983a-208,0.912
com_Chromosome_8_983b-214,0.918
Chromosome_8_1025a-111,0.452
Chromosome_8_1039a-186,0.972
Chromosome_8_1047a-216,0.784
com_Chromosome_8_1189b-41,0.792
com_Chromosome_8_1378b-207,0.294
Chromosome_8_1387a-259,0.156
Chromosome_8_1444a-388,0.89
Chromosome_8_82a-414,0.872
com_Chromosome_8_99b-185,0.096
Chromosome_8_116a-236,0.084
Chromosome_8_142a-234,0.012
com_Chromosome_8_145b-55,0.31
Chromosome_8_148a-213,0.604
Chromosome_8_198a-9,0.02
com_Chromosome_8_198b-414,0.14
Chromosome_8_308a-63,0.372
com_Chromosome_8_310b-236,0.002
Chromosome_8_374a-416,0.034
Chromosome_8_375a-298,0.006
com_Chromosome_8_380b-205,0.342
com_Chromosome_8_423b-226,0.332
com_Chromosome_8_610b-49,0.204
com_Chromosome_8_617b-64,0.642
com_Chromosome_8_652b-149,0.756
Chromosome_8_712a-317,0.204
Chromosome_8_713a-411,0.572
com_Chromosome_8_732b-133,0.65
com_Chromosome_8_750b-199,0.198
Chromosome_8_811a-218,0.818
com_Chromosome_8_811b-205,0.794
com_Chromosome_8_995b-33,0.282
com_Chromosome_8_1027b-172,0.08
Chromosome_8_1049a-310,0.076
Chromosome_8_1063a-402,0.164
Chromosome_8_1092a-388,0.086
Chromosome_8_1159a-393,0.446
Chromosome_8_1174a-221,0.644
Chromosome_8_1177a-240,0.164
Chromosome_8_1251a-197,0.0
com_Chromosome_8_1316b-102,0.448
com_Chromosome_8_1366b-362,0.692
com_Chromosome_8_1369b-149,0.34
Chromosome_8_1385a-289,0.508
com_Chromosome_8_1399b-148,0.19
Chromosome_8_1400a-25,0.008
com_Chromosome_8_1422b-360,0.072
Chromosome_8_54a-279,0.004
com_Chromosome_8_63b-182,0.406
com_Chromosome_8_81b-118,0.008
com_Chromosome_8_99b-203,0.278
Chromosome_8_104a-150,0.374
com_Chromosome_8_154b-53,0.46
Chromosome_8_170a-221,0.666
Chromosome_8_177a-406,0.382
com_Chromosome_8_211b-415,0.484
Chromosome_8_264a-421,0.598
com_Chromosome_8_362b-415,0.052
com_Chromosome_8_395b-106,0.21
Chromosome_8_401a-380,0.01
com_Chromosome_8_401b-44,0.144
com_Chromosome_8_425b-418,0.088
com_Chromosome_8_456b-54,0.012
Chromosome_8_664a-241,0.046
com_Chromosome_8_664b-211,0.526
Chromosome_8_666a-269,0.01
com_Chromosome_8_675b-405,0.026
com_Chromosome_8_805b-78,0.002
com_Chromosome_8_806b-244,0.04
com_Chromosome_8_834b-7,0.002
com_Chromosome_8_845b-15,0.022
Chromosome_8_854a-241,0.404
Chromosome_8_909a-245,0.374
com_Chromosome_8_909b-84,0.796
Chromosome_8_910a-405,0.218
Chromosome_8_1033a-97,0.354
Chromosome_8_1097a-192,0.17
com_Chromosome_8_1149b-245,0.016
com_Chromosome_8_1150b-238,0.476
com_Chromosome_8_1221b-212,0.894
Chromosome_8_1322a-413,0.824
Chromosome_8_1378a-177,0.346
com_Chromosome_8_1392b-416,0.356
Chromosome_8_11a-403,0.362
com_Chromosome_8_94b-169,0.764
com_Chromosome_8_107b-44,0.092
com_Chromosome_8_134b-126,0.884
com_Chromosome_8_147b-110,0.468
Chromosome_8_163a-422,0.524
com_Chromosome_8_164b-122,0.342
com_Chromosome_8_176b-205,0.778
Chromosome_8_179a-269,0.44
com_Chromosome_8_254b-3,0.048
com_Chromosome_8_256b-80,0.252
Chromosome_8_452a-299,0.344
com_Chromosome_8_675b-27,0.188
Chromosome_8_724a-391,0.018
com_Chromosome_8_729b-53,0.244
com_Chromosome_8_758b-186,0.686
Chromosome_8_812a-315,0.612
com_Chromosome_8_933b-161,0.97
Chromosome_8_980a-347,0.008
com_Chromosome_8_1134b-40,0.28
com_Chromosome_8_1152b-368,0.078
com_Chromosome_8_1248b-422,0.456
com_Chromosome_8_1274b-160,0.42
com_Chromosome_8_1392b-141,0.966
Chromosome_8_8a-422,0.002
com_Chromosome_8_30b-422,0.568
Chromosome_8_68a-192,0.026
com_Chromosome_8_73b-421,0.292
com_Chromosome_8_108b-11,0.044
Chromosome_8_159a-274,0.116
com_Chromosome_8_172b-107,0.172
com_Chromosome_8_175b-424,0.008
com_Chromosome_8_186b-208,0.028
com_Chromosome_8_194b-202,0.618
Chromosome_8_196a-404,0.44
com_Chromosome_8_304b-208,0.824
Chromosome_8_393a-130,0.002
Chromosome_8_434a-423,0.858
com_Chromosome_8_466b-108,0.086
com_Chromosome_8_624b-104,0.002
Chromosome_8_694a-185,0.014
Chromosome_8_756a-317,0.004
com_Chromosome_8_856b-425,0.52
com_Chromosome_8_867b-80,0.894
Chromosome_8_1038a-192,0.67
com_Chromosome_8_1079b-16,0.704
com_Chromosome_8_1093b-213,0.482
Chromosome_8_1106a-260,0.344
com_Chromosome_8_1140b-423,0.544
com_Chromosome_8_1216b-16,0.386
com_Chromosome_8_1273b-17,0.728
Chromosome_8_1319a-391,0.534
com_Chromosome_8_1400b-219,0.206
Chromosome_8_53a-227,0.79
Chromosome_8_60a-339,0.492
Chromosome_8_111a-256,0.956
Chromosome_8_149a-279,0.078
Chromosome_8_189a-137,0.104
Chromosome_8_198a-385,0.526
com_Chromosome_8_198b-42,0.496
com_Chromosome_8_308b-218,0.008
Chromosome_8_401a-259,0.394
com_Chromosome_8_402b-418,0.294
com_Chromosome_8_655b-36,0.056
com_Chromosome_8_834b-197,0.456
Chromosome_8_1019a-187,0.28
com_Chromosome_8_1114b-224,0.406
Chromosome_8_1134a-386,0.38
com_Chromosome_8_1137b-120,0.646
Chromosome_8_1222a-380,0.88
com_Chromosome_8_1300b-359,0.988
com_Chromosome_8_1309b-102,0.45
Chromosome_8_1338a-204,0.738
Chromosome_8_1392a-284,0.966
com_Chromosome_8_1395b-194,0.544
com_Chromosome_8_1459b-419,0.512
Chromosome_8_72a-338,0.034
Chromosome_8_107a-382,0.322
com_Chromosome_8_108b-242,0.85
com_Chromosome_8_147b-143,0.198
Chromosome_8_151a-362,0.246
com_Chromosome_8_159b-127,0.01
Chromosome_8_167a-244,0.036
Chromosome_8_171a-321,0.03
Chromosome_8_206a-425,0.556
Chromosome_8_242a-141,0.016
Chromosome_8_261a-212,0.072
com_Chromosome_8_305b-204,0.27
com_Chromosome_8_385b-357,0.198
com_Chromosome_8_638b-17,0.166
com_Chromosome_8_754b-181,0.59
com_Chromosome_8_773b-74,0.28
Chromosome_8_803a-248,0.198
com_Chromosome_8_898b-4,0.856
com_Chromosome_8_1005b-186,0.608
com_Chromosome_8_1027b-70,0.172
Chromosome_8_1032a-359,0.01
com_Chromosome_8_1060b-109,0.026
com_Chromosome_8_1066b-197,0.966
Chromosome_8_1217a-161,0.744
Chromosome_8_1265a-415,0.728
com_Chromosome_8_69b-121,0.662
com_Chromosome_8_74b-19,0.272
com_Chromosome_8_74b-11,0.088
com_Chromosome_8_81b-2,0.016
Chromosome_8_85a-239,0.284
Chromosome_8_87a-215,0.178
Chromosome_8_95a-280,0.006
com_Chromosome_8_104b-125,0.418
Chromosome_8_127a-362,0.054
Chromosome_8_160a-42,0.412
com_Chromosome_8_167b-427,0.096
com_Chromosome_8_167b-14,0.04
com_Chromosome_8_170b-368,0.004
Chromosome_8_232a-416,0.0
com_Chromosome_8_305b-71,0.012
Chromosome_8_362a-222,0.048
com_Chromosome_8_385b-373,0.012
Chromosome_8_477a-210,0.242
Chromosome_8_555a-426,0.288
Chromosome_8_711a-364,0.644
Chromosome_8_721a-140,0.888
com_Chromosome_8_751b-39,0.906
com_Chromosome_8_855b-209,0.8
Chromosome_8_933a-266,0.668
Chromosome_8_1035a-77,0.298
com_Chromosome_8_1132b-60,0.492
Chromosome_8_1142a-398,0.798
com_Chromosome_8_53b-114,0.888
Chromosome_8_87a-249,0.472
com_Chromosome_8_88b-83,0.394
Chromosome_8_117a-254,0.312
com_Chromosome_8_159b-225,0.514
Chromosome_8_177a-323,0.086
com_Chromosome_8_274b-404,0.582
com_Chromosome_8_309b-423,0.224
com_Chromosome_8_384b-361,0.006
Chromosome_8_509a-372,0.44
Chromosome_8_533a-429,0.008
com_Chromosome_8_610b-85,0.016
Chromosome_8_699a-389,0.988
com_Chromosome_8_732b-59,0.566
com_Chromosome_8_747b-147,0.606
Chromosome_8_751a-359,0.018
Chromosome_8_839a-375,0.05
Chromosome_8_1033a-311,0.214
Chromosome_8_1057a-194,0.436
Chromosome_8_1151a-220,0.454
Chromosome_8_1300a-314,0.374
com_Chromosome_8_1385b-148,0.436
Chromosome_8_1489a-329,0.454
com_Chromosome_8_50b-11,0.238
Chromosome_8_104a-184,0.338
com_Chromosome_8_172b-148,0.442
Chromosome_8_174a-212,0.184
com_Chromosome_8_177b-174,0.148
com_Chromosome_8_271b-239,0.272
com_Chromosome_8_446b-177,0.016
Chromosome_8_463a-359,0.998
com_Chromosome_8_620b-149,0.388
com_Chromosome_8_693b-130,0.394
com_Chromosome_8_701b-198,0.566
Chromosome_8_846a-289,0.03
Chromosome_8_895a-349,0.18
com_Chromosome_8_1033b-126,0.284
com_Chromosome_8_1142b-59,0.014
Chromosome_8_1149a-183,0.642
com_Chromosome_8_1365b-31,0.152
com_Chromosome_8_0b-177,0.978
com_Chromosome_8_47b-47,0.09
Chromosome_8_50a-217,0.118
com_Chromosome_8_50b-43,0.082
com_Chromosome_8_139b-94,0.9
com_Chromosome_8_148b-59,0.462
Chromosome_8_221a-268,0.018
com_Chromosome_8_280b-426,0.1
com_Chromosome_8_342b-5,0.078
Chromosome_8_362a-233,0.192
Chromosome_8_450a-220,0.006
com_Chromosome_8_557b-413,0.002
Chromosome_8_709a-122,0.108
com_Chromosome_8_800b-15,0.46
Chromosome_8_812a-285,0.922
Chromosome_8_855a-223,0.656
com_Chromosome_8_872b-161,0.052
Chromosome_8_886a-291,0.998
Chromosome_8_1025a-366,0.522
Chromosome_8_1135a-380,0.866
Chromosome_8_1180a-200,0.678
com_Chromosome_8_1292b-109,0.27
Chromosome_8_1399a-332,0.602
Chromosome_8_51a-317,0.974
com_Chromosome_8_77b-38,0.188
Chromosome_8_104a-306,0.95
Chromosome_8_114a-407,0.544
Chromosome_8_155a-403,0.136
Chromosome_8_162a-320,0.368
com_Chromosome_8_181b-427,0.35
com_Chromosome_8_280b-225,0.006
Chromosome_8_686a-358,0.492
Chromosome_8_720a-426,0.45
com_Chromosome_8_735b-139,0.702
Chromosome_8_746a-288,0.11
Chromosome_8_772a-420,0.494
com_Chromosome_8_772b-13,0.83
Chromosome_8_1009a-374,0.522
com_Chromosome_8_1127b-95,0.74
com_Chromosome_8_1183b-19,0.81
Chromosome_8_1336a-396,0.696
Chromosome_8_62a-65,0.506
com_Chromosome_8_93b-162,0.016
com_Chromosome_8_104b-117,0.358
Chromosome_8_113a-199,0.68
Chromosome_8_117a-200,0.238
com_Chromosome_8_157b-231,0.13
com_Chromosome_8_174b-242,0.008
Chromosome_8_202a-265,0.196
Chromosome_8_262a-206,0.332
Chromosome_8_390a-282,0.612
com_Chromosome_8_679b-4,0.326
com_Chromosome_8_708b-61,0.094
com_Chromosome_8_771b-98,0.656
Chromosome_8_847a-238,0.794
Chromosome_8_886a-406,0.714
com_Chromosome_8_887b-432,0.72
Chromosome_8_1027a-381,0.01
Chromosome_8_1151a-257,0.33
Chromosome_8_1377a-212,0.044
com_Chromosome_8_1399b-100,0.47
com_Chromosome_8_9b-60,0.73
Chromosome_8_65a-253,0.8
com_Chromosome_8_174b-129,0.034
com_Chromosome_8_385b-106,0.404
Chromosome_8_386a-290,0.138
Chromosome_8_387a-415,0.382
Chromosome_8_401a-283,0.318
Chromosome_8_549a-431,0.006
Chromosome_8_723a-434,0.304
Chromosome_8_807a-361,0.514
com_Chromosome_8_904b-223,0.012
Chromosome_8_995a-356,0.18
Chromosome_8_1089a-296,0.356
com_Chromosome_8_1291b-200,0.77
Chromosome_8_96a-313,0.998
Chromosome_8_155a-344,0.012
com_Chromosome_8_155b-92,0.2
Chromosome_8_160a-266,0.872
Chromosome_8_242a-434,0.126
com_Chromosome_8_385b-429,0.188
com_Chromosome_8_403b-200,0.06
com_Chromosome_8_667b-221,0.03
Chromosome_8_752a-349,0.412
Chromosome_8_768a-351,0.962
Chromosome_8_816a-394,0.594
Chromosome_8_847a-293,0.89
Chromosome_8_870a-155,0.022
com_Chromosome_8_887b-393,0.882
Chromosome_8_906a-325,0.58
Chromosome_8_1056a-396,0.638
com_Chromosome_8_1195b-101,0.472
Chromosome_8_1257a-408,0.206
com_Chromosome_8_1260b-62,0.258
Chromosome_8_1288a-306,0.29
Chromosome_8_9a-224,0.364
com_Chromosome_8_18b-168,0.278
com_Chromosome_8_53b-77,0.974
Chromosome_8_85a-295,0.766
com_Chromosome_8_95b-97,0.04
Chromosome_8_163a-15,0.176
Chromosome_8_546a-268,0.488
com_Chromosome_8_652b-118,0.544
Chromosome_8_774a-308,0.636
Chromosome_8_833a-348,0.948
Chromosome_8_869a-355,0.96
Chromosome_8_910a-298,0.428
Chromosome_8_1030a-291,0.42
com_Chromosome_8_1092b-153,0.4
Chromosome_8_1190a-254,0.96
Chromosome_8_1257a-434,0.194
Chromosome_8_1302a-247,0.528
com_Chromosome_8_1372b-211,0.396
com_Chromosome_8_1488b-108,0.004
Chromosome_8_50a-230,0.1
Chromosome_8_50a-200,0.288
com_Chromosome_8_66b-106,0.032
com_Chromosome_8_78b-244,0.322
com_Chromosome_8_111b-175,0.982
com_Chromosome_8_153b-14,0.516
com_Chromosome_8_255b-428,0.51
com_Chromosome_8_263b-14,0.46
com_Chromosome_8_394b-275,0.046
Chromosome_8_414a-269,0.576
com_Chromosome_8_486b-431,0.342
com_Chromosome_8_746b-139,0.238
com_Chromosome_8_781b-158,0.916
com_Chromosome_8_851b-43,0.564
com_Chromosome_8_980b-60,0.43
com_Chromosome_8_1020b-371,0.356
com_Chromosome_8_1191b-436,0.968
com_Chromosome_8_1422b-437,0.24
com_Chromosome_8_50b-189,0.778
com_Chromosome_8_95b-217,0.048
Chromosome_8_134a-266,0.216
com_Chromosome_8_139b-201,0.032
Chromosome_8_157a-369,0.052
Chromosome_8_196a-197,0.954
Chromosome_8_306a-323,0.274
com_Chromosome_8_346b-380,0.43
com_Chromosome_8_398b-3,0.676
Chromosome_8_756a-285,0.426
com_Chromosome_8_770b-92,0.6
com_Chromosome_8_772b-105,0.544
com_Chromosome_8_1002b-163,0.418
com_Chromosome_8_1491b-127,0.3
com_Chromosome_8_10b-82,0.102
Chromosome_8_62a-194,0.876
com_Chromosome_8_192b-162,0.714
com_Chromosome_8_460b-439,0.004
Chromosome_8_649a-396,0.694
com_Chromosome_8_658b-364,0.602
com_Chromosome_8_702b-340,0.544
Chromosome_8_743a-210,0.938
com_Chromosome_8_846b-3,0.408
com_Chromosome_8_865b-69,0.024
com_Chromosome_8_890b-27,0.67
Chromosome_8_901a-384,0.898
com_Chromosome_8_934b-217,0.78
Chromosome_8_1024a-415,0.258
Chromosome_8_1024a-319,0.17
com_Chromosome_8_1049b-189,0.674
Chromosome_8_1060a-293,0.758
Chromosome_8_1093a-439,0.04
Chromosome_8_1095a-230,0.144
Chromosome_8_1174a-415,0.432
com_Chromosome_8_1411b-163,0.382
Chromosome_8_12a-312,0.516
com_Chromosome_8_36b-81,0.53
com_Chromosome_8_61b-68,0.022
Chromosome_8_375a-201,0.164
com_Chromosome_8_646b-67,0.382
Chromosome_8_713a-58,0.224
Chromosome_8_806a-354,0.936
Chromosome_8_1138a-223,0.494
com_Chromosome_8_1351b-31,0.5
Chromosome_8_1482a-371,0.132
Chromosome_8_58a-224,0.712
com_Chromosome_8_174b-224,0.824
Chromosome_8_186a-332,0.316
Chromosome_8_386a-370,0.444
Chromosome_8_545a-199,0.536
com_Chromosome_8_808b-332,0.33
Chromosome_8_1385a-235,0.108
com_Chromosome_8_10b-66,0.038
Chromosome_8_56a-442,0.002
Chromosome_8_95a-333,0.484
Chromosome_8_108a-281,0.572
com_Chromosome_8_160b-148,0.422
Chromosome_8_446a-283,0.456
Chromosome_8_610a-397,0.09
com_Chromosome_8_995b-68,0.41
Chromosome_8_1220a-411,0.278
com_Chromosome_8_1411b-176,0.264
Chromosome_8_50a-194,0.02
Chromosome_8_87a-274,0.472
Chromosome_8_162a-443,0.62
Chromosome_8_179a-309,0.022
Chromosome_8_216a-173,0.444
Chromosome_8_395a-333,0.832
com_Chromosome_8_808b-320,0.714
Chromosome_8_1045a-230,0.97
Chromosome_8_1095a-205,0.918
com_Chromosome_8_1096b-22,0.578
Chromosome_8_1180a-259,0.598
com_Chromosome_8_1369b-71,0.516
Chromosome_8_11a-243,0.382
Chromosome_8_172a-345,0.474
com_Chromosome_8_451b-101,0.514
com_Chromosome_8_463b-115,0.37
Chromosome_8_550a-308,0.028
com_Chromosome_8_742b-13,0.412
Chromosome_8_821a-437,0.674
com_Chromosome_8_873b-121,0.364
Chromosome_8_1151a-335,0.558
com_Chromosome_8_1330b-363,0.896
com_Chromosome_8_50b-245,0.384
Chromosome_8_86a-246,0.618
Chromosome_8_177a-234,0.37
Chromosome_8_394a-265,0.126
Chromosome_8_1039a-327,0.996
Chromosome_8_1056a-430,0.384
com_Chromosome_8_1093b-4,0.978
Chromosome_8_96a-426,0.35
Chromosome_8_177a-265,0.39
com_Chromosome_8_182b-421,0.544
Chromosome_8_275a-385,0.618
com_Chromosome_8_906b-115,0.548
com_Chromosome_8_21b-30,0.828
Chromosome_8_155a-289,0.55
com_Chromosome_8_178b-24,0.664
Chromosome_8_295a-348,0.776
Chromosome_8_489a-445,0.842
Chromosome_8_52a-300,0.738
com_Chromosome_8_1250b-32,0.892
Chromosome_8_198a-303,0.504
com_Chromosome_8_462b-379,0.84
Chromosome_8_994a-382,0.898
com_Chromosome_8_424b-24,0.508
Chromosome_8_812a-369,0.726
Chromosome_8_1407a-372,0.964
com_Chromosome_8_665b-137,0.532
Chromosome_8_886a-261,0.97
Chromosome_8_1013a-214,0.666
com_Chromosome_8_1270b-51,0.912
com_Chromosome_8_162b-452,0.718
com_Chromosome_8_936b-359,0.852
Chromosome_8_853a-284,0.848
Chromosome_8_870a-320,0.824
com_Chromosome_8_623b-25,0.99
