Chromosome_8_100a-206,AAAAUUUCUUAAAAUUUUUUUUCUCAUAGGAAUUUUCAAAGAAAAAUGUUUCUAAAUUUUUUUCUUGAAAAAUUUCUGUUUGAAAAUUUUUUAAAAAAUUUA,0.958
Chromosome_8_180a-183,UCUGACAAUUUUUAGCAUAACCAAUUUUUUAAAAUUAUUUUUUUAUUAGAAAAUAAUGAAAAAAAGAUAUUUUUGAAAAUGGUCACGCAUAAAAUAUGCAGG,0.94
Chromosome_8_714a-263,AAAUUUUUUCAAAUUUGAAUAAAGUUAUGGCAAAAAUAUUCAAAAACCCCGGUUCCUUGGGUACUUUUGGCCAUAACUUUGCUCAAACAUGACAAAAAAUUU,0.952
com_Chromosome_8_714b-137,AAAUUUUUUGUCAUGUUUGAGCAAAGUUAUGGCCAAAAGUACCCAAGGAACCGGGGUUUUUGAAUAUUUUUGCCAUAACUUUAUUCAAAUUUGAAAAAAUUU,0.9
Chromosome_8_752a-219,CACAUGUAUUGUCCAAAAUCGAUUCAAAUUCACUAAAUGGCCUUGAAUCUUUAUUUUCUAUUAUAUUCCGUUCAUUUGAAUAAGUUUGGGACAAUAAAUGUG,0.982
com_Chromosome_8_752b-181,CACAUUUAUUGUCCCAAACUUAUUCAAAUGAACGGAAUAUAAUAGAAAAUAAAGAUUCAAGGCCAUUUAGUGAAUUUGAAUCGAUUUUGGACAAUACAUGUG,0.968
Chromosome_8_765a-235,AUUAGUGACAUCAAUUGAAUUAUCCAACAUCCCUUAUUAGUUUAAUGUAGUUUUUAUAUUAUAUUAAAUAAUGAUGCAAUAAUUUAAAAUGAUGACAUUGAU,0.932
Chromosome_8_767a-187,UAAAUUUCAAAAAAUUUUAUUAAGUUUUUCAAAAGUUUAAGCCAAAAAGCUUGAAAAAUUGUCAUAACUUUUGAAAAAGUGAAUAAAAUUUUUUGAAAUUUA,0.988
com_Chromosome_8_767b-213,UAAAUUUCAAAAAAUUUUAUUCACUUUUUCAAAAGUUAUGACAAUUUUUCAAGCUUUUUGGCUUAAACUUUUGAAAAACUUAAUAAAAUUUUUUGAAAUUUA,0.982
com_Chromosome_8_768b-64,AGAAGGAAAAAUUUUCCAGUUUUUGUUUUAUUUUUGACAUACAAAAAAUUAUUUUCAUUAAUUUCCAACGAUCAAAAAUAAAACAAUUAAAUAAUUCUUUCU,0.92
com_Chromosome_8_991b-140,UUUUGUAUUCUGAAUUUAUAAAAGGUCAGGCGACAAAUUUUGGAAAUUUUCUAUUUUGCCUAAAGAAUAUCCGAAAAAUUUGCUUGAAUUCAAAGUGCAAAU,0.93
Chromosome_8_1080a-253,AAAAUUUCGGAAAAUUUUAUUCAGUUUUCAAAAAUUUAUGGCAAUUUAUUCAGCAUUUUUGGUCACAACUUUUUGAAAACAAAAAGAAAUUUUUGAAAUUUU,0.948
com_Chromosome_8_1080b-147,AAAAUUUCAAAAAUUUCUUUUUGUUUUCAAAAAGUUGUGACCAAAAAUGCUGAAUAAAUUGCCAUAAAUUUUUGAAAACUGAAUAAAAUUUUCCGAAAUUUU,0.938
com_Chromosome_8_64b-3,GGAGGAAGAGAAGGAAGAGCCGAUGAUGCAAAAAGCAAUUAAUUAAUUAAUUGCUCUAAUUAAUUAAUCAUCAUCCUCUCUUUCCAUUUCUAUGUCCAUCC,0.98
Chromosome_8_70a-231,GCAUUCGUUAAUGUCCAAGGGUAGAGGAAAAUGAAAAUCAAUGAGGACUGAAUUUUUUUUUUUAUUAUAAUAAUCUUGACCUUUGGGGAAAAAUGAGUGG,0.916
Chromosome_8_99a-386,AUUAUAAGAAAAAAAAUUUUUAAGAUUUUUCAGCAAUUUUUUUUGAAAGUCUUUUUGAAAAAAUCAUCUGAAAAUUUCUUAAAAUUUUUUUUCUCAUAGG,0.984
Chromosome_8_984a-263,UGUUAUUAUUUUCUUAAAUAAUGAUGAAAUUAUUCCAUCAGUAGAAUUACCAAAUUUAUUUUUUAUUUAAUUUCAUUUGUUAUUUUCUUAAAUAAUGAUG,0.994
com_Chromosome_8_1045b-188,GAUUGACUAAAAACAUAAAAAAAUUUUAAAAUAUGGCAUUCAAAACAGGCAUAGAUAAGCCUGUUUUUUGUUACACCUAUUUUGGCAUUUUUAGUUAAUA,0.902
com_Chromosome_8_99b-17,CUAUGAGAAAAAAAAUUUUAAGAAAUUUUCAGAUGAUUUUUUCAAAAAGACUUUCAAAAAAAAUUGCUGAAAAAUCUUAAAAAUUUUUUUUCUUAUAA,1.0
com_Chromosome_8_988b-47,GGAGUCAAAAAUAUAAAGUUAAUAAAUGUUUUGUUCGAAUUAAUUAUAAAAAAUAAUUUAUUUAAGCAAUUUGAAAAAAUUUUCUGAUUUUUGACUCA,0.978
com_Chromosome_8_180b-219,UGCAUAUUUUAUGCGUGACCAUUUUCAAAAAUAUCUUUUUUUCAUUAUUUUCUAAUAAAAAAAUAAUUUUAAAAAAUUGGUUAUGCUAAAAAUUGUC,0.99
Chromosome_8_780a-388,UUUGAAAAUCAAAAUUUUUACAAUUGUCUGAAAAAACGCUUCUUUAGCCAUUGUUUUGGCGUUUUGAGAGUCAAUUGUGAAAUACAUUAUUUUUAAU,0.984
Chromosome_8_1003a-176,AUUCAAUUUAAAUUCUUCAAUCUUUUCUCAUUCAAUAAUUUUGGUUCAUAAUCAUAAUUAUAAUGAGGCGAGAUUCAAUUUUGGAAGAAAAUUGGAA,0.902
Chromosome_8_1436a-280,UUUGACCGGGACCGGGACCAGUCUCGGGUUUUUUCCCGGUUUUCCCAGCCAAAAAUUCCCGGUUUUUCAGCCCGAAAAGGUCCCGGUCCCGGUUAAG,0.972
Chromosome_8_1387a-391,AUAAUUUGAAUACAUACAAAAAUGGGAACCGGCCACUUUGGCGCCAGCCAUUUUGGCGCCAAACGCUAUAACAUUUUUAUUUCUCAUUCAAAUUAA,0.988
com_Chromosome_8_1387b-15,UUAAUUUGAAUGAGAAAUAAAAAUGUUAUAGCGUUUGGCGCCAAAAUGGCUGGCGCCAAAGUGGCCGGUUCCCAUUUUUGUAUGUAUUCAAAUUAU,0.914
Chromosome_8_263a-363,UGUUUGUUAGUCCAUUUUGGGCCUUGUUCGACUUUUAGACCAAAAGUCUAAAAGUCUCACAUUGGUUGAACAGGUGCCAAAAUGGAUGUCAAAUU,0.996
Chromosome_8_702a-234,UUGUGAUUAAAAACACACAAAUUCCCUGCAUUUAGAGAAAUAUAAAUCAACAUUUUUUUUAAAUUUCUGGCGGGAGAAUCAAUAAAUAAUCACAG,0.944
Chromosome_8_1377a-313,CGGAUUAUUUAUUUUUUUUUUUUGGUUAAUGAGGCUUUGAGAAAAUAUAAUUAUUUGCCAAAGUCACAUUGAGUUUUAUGGAAUCGGUAAUCCC,0.93
Chromosome_8_126a-394,ACAGUUCAAUUUCAUAUUGAUUUUAAUUGUGACUAAUUCCAUUUUUAUUUAAAAAUAAAAUAAAAUUGCUAAAUUCAUUUGAAAUUGAAUUGA,0.946
com_Chromosome_8_126b-15,UCAAUUCAAUUUCAAAUGAAUUUAGCAAUUUUAUUUUAUUUUUAAAUAAAAAUGGAAUUAGUCACAAUUAAAAUCAAUAUGAAAUUGAACUGU,0.906
com_Chromosome_8_263b-45,AUUUGACAUCCAUUUUGGCACCUGUUCAACCAAUGUGAGACUUUUAGACUUUUGGUCUAAAAGUCGAACAAGGCCCAAAAUGGACUAACAAAC,0.978
com_Chromosome_8_674b-202,AAAAGUUGUGUGAUCGGAAAGUUAAUUCUCCUAAAAUAAAAAUUGUCUAAGAGAUGGUUGGAGAAAUUUUAACUCUUCGGGCGCACAAUUUUC,0.974
Chromosome_8_938a-251,AUAUUAUUAUUAAAUAAUAAUGCAAUUAUUAAAGGAUUAACCAAAUCUAUCUUUUACUUAUAUAAUUUAUAUAUUAUUAUUAAAUAAUAAUGC,0.904
Chromosome_8_538a-381,GUUUUGGCGAAUUAGUGCCUUUUUUAGCGUUUUUUUUUCCGAAAAAUUCCAUUAAAAAUGUUAAAAAAAUGGCCAACUGAUUUGUCAAAAA,0.998
com_Chromosome_8_1436b-128,AACCGGGACCGGGACCUUUUCGGGCUGAAAAACCGGGAAUUUUUGGCUGGGAAAACCGGGAAAAAACCCGAGACUGGUCCCGGUCCCGGUC,0.96
com_Chromosome_8_91b-284,UAUUUUGUGAAACUUAAGUUUUUAACUCGAGAUCGGCUCUUCUAUUUUUACAAGGGAAAAUCCGAAAAAAAUUUUAAGUUUUGCAAAGUU,0.97
com_Chromosome_8_892b-105,AGAUUUUGAUUAUAAUUGAUUGUGUUUUACGGAAAGUUAUAUGAUUUUGGUUUGUAUUUUCGUAAAGUCACAUGAUUUUGGUUAAAAUUC,0.912
Chromosome_8_1001a-355,CCUAAUUAUUAUAUUUUUUUUGUCGAAAUCGUUUCAAUACCAAUUGAAACGCUAUAAAAAAAAUUUACUAAAUUUUUAAAAGUAAUUGGA,0.952
Chromosome_8_176a-195,UGAAAAAUCUUAGUAAUUCACCAUAAAAAUUUCUCGAAAAAUUUUUUUUCUUAGAAUUUUCUUAUGAAAAAACUUUCUAAGAUUUUUUU,0.95
com_Chromosome_8_382b-149,AAAAAAGUCUUAAAAAGUCACCGAAAUCGAAAAAACCGAAGAAAAUUUUUCGGUUUAUUUCGAUUUUUCGGUUUUUUUGAAUCUUUUUA,0.96
Chromosome_8_819a-313,CUCGAUUCUAAUUCUACUGAAUAAUGCCAAAGUUUGGCGCCGAUCCAAAUUUAUAGCCCAAAAACUUUGGCUCAUUAGACGGAAUUGAU,0.958
com_Chromosome_8_1232b-61,CGUUUUCUUAUCCGAUCGGGGUUCCGAUUUUCAAAAAAAAAAAACUCAAAUUUGGAACAUAAUUUUUCAAUCCCUGGGAUAAGAAAACU,0.932
com_Chromosome_8_1402b-35,UUGUAAAAAUUUUAUGAAAUGUAAUUAAAUAUCUUAAAAAUUUUUUAGAACAAAAUUUUUGAUUUUACAAUUUUAUAAAAUUUUUCCAC,0.978
com_Chromosome_8_105b-198,GGGGUGUAUUUUUCGUUUUUAUUGCAUUUUUUGGGAAAUUUUCCAAAAAAUGCCAAAAUAGUGGCAAAAAUAAUGACGAAACGCCCA,0.986
Chromosome_8_744a-343,UAUGGCAACUCGUACAAACCUAAAGCUUAGGCUUAAGCCUAAACCUAAAGCCUAGGGCUAACCUAAGCAAUUGUACGAGUUGCCAUU,0.992
com_Chromosome_8_744b-72,AAUGGCAACUCGUACAAUUGCUUAGGUUAGCCCUAGGCUUUAGGUUUAGGCUUAAGCCUAAGCUUUAGGUUUGUACGAGUUGCCAUA,1.0
Chromosome_8_1466a-325,UUACCGUAAAUGCUCCAUUUAAAUGCCCCUUUUGGGAGGGGUUGAACAAUACAAUGCCCGGGCAUUCAAAUAGAGCAUUUACGGUAC,0.972
com_Chromosome_8_1466b-90,GUACCGUAAAUGCUCUAUUUGAAUGCCCGGGCAUUGUAUUGUUCAACCCCUCCCAAAAGGGGCAUUUAAAUGGAGCAUUUACGGUAA,1.0
Chromosome_8_51a-267,UUGAAAAUUUUUGGCGAUUUUUCAAAAAAUUUAUUAAGCAUUACUAGUUUUGAAAAAUUUUGUAAAAAAUCGCUAGAAAUUUUCAU,1.0
com_Chromosome_8_51b-149,AUGAAAAUUUCUAGCGAUUUUUUACAAAAUUUUUCAAAACUAGUAAUGCUUAAUAAAUUUUUUGAAAAAUCGCCAAAAAUUUUCAA,0.982
com_Chromosome_8_802b-74,UAAUUUAUUUAGGCAAUUUGAAAAAAUUUUCUGAUUUUGACUCAAAAAUAAGAUUUUUUUAUUUCAAAUUUCUCCUUUAUAAAUUU,0.942
com_Chromosome_8_828b-156,UUGAUUUAUUGGGACAAUUUUUUUAAUAAAAAUAUUUUUUCAAUUUUUCAAAGAUUUUUUUUGCCAUUGAUUUCCCAAUUAAUCAU,0.918
com_Chromosome_8_538b-300,AAAAAGAUUCAAAAAAACCGAAAAAUCGAAAUAAACCGAAAAAUUUUCUUCGGUUUUUUCGAUUUCGGUUUUUUUCGGUUUUUUA,0.998
com_Chromosome_8_559b-234,CGAGGAACGGAUGUUGUCUGCUGUUUCUCAUUUUGAAAGUUGGCAUAAUGUUUUUAGCCAUUUUUGUGGACAAAUCUGUUGCUCU,0.968
com_Chromosome_8_1074b-214,CCAAAAAGUGACAAAAUUAAGGUGUUAAAGUGCUAUGCUUAUUCAAAUAGCAUUUUUUCACAGCUUAAUUUGAGCUAUUUUUUGU,0.992
Chromosome_8_800a-174,AAUGAAUAAAUUUUGUGGUAAUACCUAUGAGCUGUUAUUUUUUUUUAUGCUCAAUAUUUGGUAAACAUUACAGGAUUUAUCGUA,0.986
com_Chromosome_8_97b-364,GUUGGACUUUUUCUAUGAAAAAAGUAAUUUCAAAAAUUUUUAGCGAUUUUUUUGAAAUUACUUUUUUCUUAGAAUUUUCUAAG,0.988
Chromosome_8_679a-245,AUUAAAAUUUUCAAAUUUUAACCAUUUUUAACAGAUUUUCACAAAAAAAUUUGUAUUUGGUGGAUUUUUGAAUAAAUUUUAGC,0.952
com_Chromosome_8_1025b-219,AAUUGUUCAUUCGGUCUAAAAAGGAGGGAAAAAAUUUAAUUCAAUUAUAAUUAAAUUAUUUCACUCUUUCGCGAUGGACAAUC,0.98
com_Chromosome_8_1288b-50,UUAGGGGUGUAUUUUCAACUCUCGCCUCUCGUCCCAAAAAACGAGAGGCGAGAGACGAGAGGCGAGAGUUGUCCCACCCCUGC,0.958
Chromosome_8_1288a-370,CAGGGGUGGGACAACUCUCGCCUCUCGUCUCUCGCCUCUCGUUUUUUGGGACGAGAGGCGAGAGUUGAAAAUACACCCCUA,0.998
Chromosome_8_983a-208,UUUUCGCUUUUUUGCAUUUUUUUGUGAAAAUUUGCCAAAAAUGGCCAAAAUAUGGACUAAAAAGGCAAAAAUGGCGAAAU,0.912
com_Chromosome_8_983b-214,AUUUCGCCAUUUUUGCCUUUUUAGUCCAUAUUUUGGCCAUUUUUGGCAAAUUUUCACAAAAAAAUGCAAAAAAGCGAAAA,0.918
Chromosome_8_1039a-186,AGCAUUUGUCGUAAAAUUGGGUCCGGAUUUUAAUGGCAAGCAAAAAUGCCAAAAAUCUGCAUUUAAUACGGGCAAAUGCC,0.972
com_Chromosome_8_933b-161,AUUUGAACAAUAUGAACAGGCAAAAUGCCAAAAAUAUCGCAAAUUUGUGGACAUUUUGUACGAAUAUUUGUUCAGAG,0.97
com_Chromosome_8_1392b-141,UUUUUUUAAUUAUGGGAUAAGUUGUAAUAAGGUUAAUAGAGAUUAGCCUCUAAAAUUCCCUGUCCCAUAAAAAAAAU,0.966
Chromosome_8_111a-256,AGUUUUUAAGUAAUAUUUUUUGAAUUUUCCAAAUCUGAUAAAAUUCAGUAGAAAAGUGAAAAAUAUUACCGAGCA,0.956
com_Chromosome_8_1300b-359,UGAAAAAAUGGAAAAACAAAAUUGAAAAUUGAAAAUUAGCAUUUUUAAUUUUACAAUGCUUUUGCCAUUUUUUCC,0.988
Chromosome_8_1392a-284,AUUUUUUUUAUGGGACAGGGAAUUUUAGAGGCUAAUCUCUAUUAACCUUAUUACAACUUAUCCCAUAAUUAAAAA,0.966
com_Chromosome_8_1066b-197,AUCUUGGUAUUAUUCGAAAGCUUUACAUGUUUAGAAGAUUUUUUUUAUAAACAAUUGCUUGGAAUUACUAAGAA,0.966
com_Chromosome_8_751b-39,GGUGAAAAAUUAAUUUCCGACUUGUGUUCGAAUUCGGGUUCGGGAUUCGAAAUAGGUCAAAAUUGAUAUCAUA,0.906
Chromosome_8_699a-389,ACGUGUUUUGCUACUAAAUGGCAUAAAUAAAAAAUUGUAUGAUUUUUGUGCCUAUUUAAUGUCAAUUCGCGG,0.988
Chromosome_8_463a-359,CCGAAAAAAACCGAAAUCGAAAAAACCGAAGAAAAUUUUUCGGUUUAUUUCGAUUUUUCGGUUUUUUUUGA,0.998
com_Chromosome_8_0b-177,UUGCAAGUACUAUAGUGUAGAGCAACUAGUGUAGAGACUCACUACAUUACACUCUACACUAUAGAAGCAC,0.978
com_Chromosome_8_139b-94,UGGGAGCAAAAAAUUUUUUUUCAAAAAAAAGUUAAAUUUUGAAUUUUUGAGUGAAAGAUUGGUGUUCCCG,0.9
Chromosome_8_812a-285,AAAAUUUGAAUGUUUUUUUCUAAUGCCGAUUUCCAAGGACAUCUUGGAAAUCGGCACUCUUUCAAUUUUC,0.922
Chromosome_8_886a-291,AGGAAAAUACAGGUACAGGAAAACCCAGGCUCCUCGAGGCCUGGACCCAGGCGUGUACCUGUAUUUUUUA,0.998
Chromosome_8_51a-317,UGAAAAAUUUUGUAAAAAAUCGCUAGAAAUUUUCAUUGUUUCUUGUGAUUUUCUUAUGAAAAAUUUUCC,0.974
Chromosome_8_104a-306,CGGCUUUAACUCGACGAGAAAUGCACGAAAAACACAUUCUUUUUCGAAAAUUUUUCGUUUUUAGUGCCA,0.95
Chromosome_8_96a-313,AUUCUAAGAAAAAAGUAAUUUCAAAAAAAUCGCUAAAAAUUUUUGAAAUUACUUUUUUCAUAGAAA,0.998
Chromosome_8_768a-351,AUUGUUUUAUUUUUGAUCGUUGGAAAUUAAUGAAAAUAAUUUUUUGUAUGUCAAAAAUAAAACAAA,0.962
com_Chromosome_8_53b-77,GUCCCCCCCCCAAAAAAAAUUUUUUUAAAUCAUCAAACAGAAAAAAUUUGGAGGGGGGGGGGGAA,0.974
Chromosome_8_833a-348,UUCGUUUUUCAAGAAUUUUGGUCAAAUUAUUUUCGGUCAUAAUUUGCGCCAAUUUUGAAAAUGAU,0.948
Chromosome_8_869a-355,AGUUUGGCCAACAAAGAAAAAAGUUAUAGCUUUUUGAACAUUGCUGAGACGGAGUUGGCCAGACG,0.96
Chromosome_8_1190a-254,AAGAAAGAAAAGAGCGGUUGGCGCCGCGAAGCGGCGCCUAAGCGCUCGUUCAUUUUUCUUUACUA,0.96
com_Chromosome_8_111b-175,CGGUAAUAUUUUUCACUUUUCUACUGAAUUUUAUCAGAUUUGGAAAAUUCAAAAAAUAUUACUU,0.982
com_Chromosome_8_781b-158,AAAUAAAAAGUAGGAAGAAUCUCCUUUAUUUUAUUACUAAAGGAGUUAUUCCUAAAACUUGUUA,0.916
com_Chromosome_8_1191b-436,UAAAGAAAAAUGAACGAGCGCUUAGGCGCCGCUUCGCGGCGCCAACCGCUCUUUUCUUUCUUUU,0.968
Chromosome_8_196a-197,AUUCAAAUUUAUCAUACCGUAAUUUUUUCUCUUGGAAAAAUACGGUGGGUUUUCAUUUUGAAA,0.954
Chromosome_8_743a-210,UAUUUUGGAUGUUCGCCCUUAAAAUAAGUUUUUGCUCUUAUUUUGGCAUUUUGUCCAAAAUU,0.938
Chromosome_8_806a-354,AAGGAUUUUAAGGAUCCGGCGGUGCCGAUAGGCGCCGCCGGGAAAUUUUUUUGAAAUUUUG,0.936
Chromosome_8_1045a-230,CAAAAUAGGUGUAACAAAAAACAGGCUUAUCUAUGCCUGUUUUGAAUGCCAUAUUUUA,0.97
Chromosome_8_1095a-205,CUCUCGACGGGCAACCGGACGGACCACCGACUGGUGAGCGGAUAUUGCGUGUCGAGAA,0.918
Chromosome_8_1039a-327,CCACUUACUUUUACGACAGUUCAUAAGAAUAAAAAAAUGUGUCGUAGAAUAAGUGA,0.996
com_Chromosome_8_1093b-4,UUAGCCAUUCUCAUUUGUCUCGACACCACGUAAUUAUGGGACAAAUGAAUGGUUGA,0.978
Chromosome_8_1407a-372,AUAAAAGUUUUGGGACUAAUCUCUGCCGAGAUUUAGGCCCAAUAUUUUUGA,0.964
Chromosome_8_886a-261,GCCUGUGCCUGUUUUUCUGUCCAAAAGCACAGGAAAAUACAGGUACAGGA,0.97
com_Chromosome_8_1270b-51,GCAAUUUUAUUUUUGUUGCGAAAUAUUCUUGCAACAAAAAAUAUGAUUGG,0.912
com_Chromosome_8_623b-25,UGUUUUUUUGUUUUCCAUUUUAUUAAAGGAAAAUAGGAAAACG,0.99
